sample,time,pitch_radians,setpoint_radians,error_radians,pid_output,p_term,i_term,d_term,left_pwm,right_pwm,left_rpm,right_rpm,left_encoder_count,right_encoder_count
1,2026-08-21T10:25:16.131Z,0.00017453292519943296,0,0.00017453292519943296,0.05,0.05,0,0,0,0,0,0,369252,-371408
2,2026-08-21T10:25:16.325Z,0.002617993877991494,0,0.002617993877991494,0.71,0.71,0,0,0,0,0,0,369252,-371408
3,2026-08-21T10:25:16.524Z,-0.00645771823237902,0,-0.00645771823237902,-1.69,-1.69,0,0,0,0,0,0,369252,-371408
4,2026-08-21T10:25:16.724Z,-0.0005235987755982988,0,-0.0005235987755982988,-0.15,-0.15,0,0,0,0,8.34,-8.19,369281,-371436
5,2026-08-21T10:25:16.926Z,-0.019547687622336492,0,-0.019547687622336492,-5.17,-5.17,0,0,72,72,12.61,-12.32,369329,-371483
6,2026-08-21T10:25:17.128Z,-0.016406094968746697,0,-0.016406094968746697,-4.31,-4.31,0,0,70,70,28.58,-28.64,369451,-371606
7,2026-08-21T10:25:17.328Z,0.002617993877991494,0,0.002617993877991494,0.7,0.7,0,0,0,0,25.86,-24.74,369554,-371707
8,2026-08-21T10:25:17.528Z,0.014137166941154071,0,0.014137166941154071,3.75,3.75,0,0,0,70,12.33,-7.78,369605,-371737
9,2026-08-21T10:25:17.731Z,0.06492624817418907,0,0.06492624817418907,17.12,17.12,0,0,90,72,-1.56,18.14,369592,-371655
10,2026-08-21T10:25:17.928Z,0.1733111947230369,0,0.1733111947230369,45.66,45.66,0,0,107,96,-23.37,33.77,369493,-371513
11,2026-08-21T10:25:18.131Z,0.5157447939643244,0,0.5157447939643244,135.95,135.95,0,0,167,168,-46.75,46,369292,-371318
12,2026-08-21T10:25:18.329Z,1.1519173063162575,0,1.1519173063162575,160.47,160.47,0,0,0,0,-61.01,74.17,369029,-371013
13,2026-08-21T10:25:18.528Z,1.2418017627939655,0,1.2418017627939655,160.47,160.47,0,0,0,0,-15.97,54.66,368978,-370790
14,2026-08-21T10:25:18.737Z,1.0182250856134918,0,1.0182250856134918,160.47,160.47,0,0,0,0,-2.07,15.34,368979,-370739
15,2026-08-21T10:25:18.926Z,0.6932447788921476,0,0.6932447788921476,160.47,160.47,0,0,0,0,0.19,1.9,368982,-370739
16,2026-08-21T10:25:19.125Z,0.277332818141899,0,0.277332818141899,73.08,73.08,0,0,123,110,-3.28,16.41,368969,-370677
17,2026-08-21T10:25:19.326Z,0.0024434609527920616,0,0.0024434609527920616,0.66,0.66,0,0,0,0,-31.53,40.63,368834,-370506
18,2026-08-21T10:25:19.525Z,-0.15655603390389136,0,-0.15655603390389136,-41.28,-41.28,0,0,99,98,-7.28,8.1,368797,-370475
19,2026-08-21T10:25:19.724Z,-0.10611601852125523,0,-0.10611601852125523,-27.98,-27.98,0,0,88,90,29.84,-28.05,368929,-370599
20,2026-08-21T10:25:19.926Z,-0.12671090369478832,0,-0.12671090369478832,-33.4,-33.4,0,0,91,94,49.59,-46.33,369140,-370797
21,2026-08-21T10:25:20.127Z,-0.3316125578789226,0,-0.3316125578789226,-87.39,-87.39,0,0,131,134,60.75,-58,369391,-371035
22,2026-08-21T10:25:20.325Z,-1.0056587149991327,0,-1.0056587149991327,-159.98,-159.98,0,0,0,0,80.02,-79.43,369714,-371356
23,2026-08-21T10:25:20.524Z,-1.1794935084977678,0,-1.1794935084977678,-159.98,-159.98,0,0,0,0,56.9,-84.53,369945,-371704
24,2026-08-21T10:25:20.724Z,-1.0093239064283208,0,-1.0093239064283208,-159.98,-159.98,0,0,0,0,26.73,-37.71,370045,-371851
25,2026-08-21T10:25:20.925Z,-0.8351400470792868,0,-0.8351400470792868,-159.98,-159.98,0,0,0,0,3.49,-6.39,370045,-371864
26,2026-08-21T10:25:21.123Z,-0.5874778262212913,0,-0.5874778262212913,-154.83,-154.83,0,0,78,78,0.45,-0.6,370045,-371863
27,2026-08-21T10:25:21.326Z,-0.23806290997202653,0,-0.23806290997202653,-62.75,-62.75,0,0,112,115,19.79,-17.9,370121,-371933
28,2026-08-21T10:25:21.528Z,0.039095375244672985,0,0.039095375244672985,10.32,10.32,0,0,70,70,46.69,-43.36,370326,-372118
29,2026-08-21T10:25:21.726Z,0.08028514559173915,0,0.08028514559173915,21.18,21.18,0,0,83,84,3.85,3.4,370334,-372100
30,2026-08-21T10:25:21.923Z,0.023038346126325153,0,0.023038346126325153,6.09,6.09,0,0,74,71,-32.31,34.93,370196,-371939
31,2026-08-21T10:25:22.124Z,-0.10122909661567112,0,-0.10122909661567112,-26.69,-26.69,0,0,78,96,-17.54,-0.27,370099,-371933
32,2026-08-21T10:25:22.326Z,-0.14835298641951802,0,-0.14835298641951802,-39.1,-39.1,0,0,104,90,28.35,-41.3,370225,-372114
33,2026-08-21T10:25:22.529Z,-0.21223203704251045,0,-0.21223203704251045,-55.95,-55.95,0,0,110,109,71.15,-72.11,370520,-372409