t,pitch,setpoint,error,pTerm,iTerm,dTerm,kp,ki,kd
48416.59999999404,-4.1,-3.5,-0.57,-5.3,0,-17.81,9,0,2
48469.40000000596,-2.54,-3.5,0.84,8.65,0,17.2,9,0,2
48518.19999998808,-6.47,-3.5,-2.85,-26.76,0,-21.01,9,0,2
48567.19999998808,-5.34,-3.5,-1.83,-16.6,0,-23.5,9,0,2
48618,-3.57,-3.5,-0.2,-0.62,0,9.17,9,0,2
48667.90000000596,-6.21,-3.5,-2.69,-24.4,0,-24.25,9,0,2
48719.69999998808,-5.61,-3.5,-1.94,-19.02,0,-24.88,9,0,2
48774.5,-5.82,-3.5,-2.41,-20.89,0,1.32,9,0,2
48822.90000000596,-5.04,-3.5,-1.17,-13.83,0,1.83,9,0,2
48873.5,-7.07,-3.5,-3.62,-32.1,0,19.63,9,0,2
48920.40000000596,-8.12,-3.5,-4.62,-41.58,0,-5.59,9,0,2
48973.29999998212,-3.94,-3.5,-0.42,-3.93,0,31.49,9,0,2
49022.69999998808,-6.8,-3.5,-3.23,-29.71,0,-6.97,9,0,2
49071,-4.45,-3.5,-0.52,-8.52,0,-1.09,9,0,2
49120.40000000596,-4.22,-3.5,-0.72,-6.52,0,12.54,9,0,2
49171,-5.03,-3.5,-1.5,-13.75,0,-8.89,9,0,2
49221.90000000596,-3.15,-3.5,0.53,3.18,0,3.81,9,0,2
49275,-4.44,-3.5,-1.01,-8.44,0,7.72,9,0,2
49324.40000000596,-5.2,-3.5,-1.7,-15.26,0,-12.69,9,0,2
49376.19999998808,-2.67,-3.5,0.74,7.5,0,21.78,9,0,2
49427,-5.36,-3.5,-1.87,-16.74,0,-5.59,9,0,2
49477.19999998808,-4.66,-3.5,-1.15,-10.46,0,-7.18,9,0,2
49527.29999998212,-2.64,-3.5,0.86,7.7,0,27.46,9,0,2
49575.09999999404,-5.19,-3.5,-1.68,-15.21,0,-4.98,9,0,2
49626.29999998212,-4.23,-3.5,-0.7,-6.6,0,-2.49,9,0,2
49677.09999999404,-2.2,-3.5,1.14,11.69,0,26.94,9,0,2
49726.5,-4.34,-3.5,-0.84,-7.54,0,8.67,9,0,2
49781.29999998212,-3.56,-3.5,-0.03,-0.41,0,0.44,9,0,2
49827.59999999404,-2.38,-3.5,1.05,9.84,0,20.19,9,0,2
49877.69999998808,-3.52,-3.5,0.06,-0.14,0,6.15,9,0,2
49927,-3.93,-3.5,-0.43,-3.87,0,-8.45,9,0,2
49979.5,-1.57,-3.5,2.15,17.35,0,21.29,9,0,2
50028.19999998808,-2.98,-3.5,0.66,4.68,0,17.61,9,0,2
50078.69999998808,-3.54,-3.5,0.16,-0.35,0,-3.72,9,0,2
50128.79999998212,-1.55,-3.5,1.95,17.52,0,14.3,9,0,2
50179.90000000596,-2.04,-3.5,1.61,13.59,0,4.36,9,0,2
50230,-1.98,-3.5,1.54,13.69,0,-0.17,9,0,2
50281.59999999404,-1.81,-3.5,1.63,15.23,0,-3.94,9,0,2
50331.90000000596,-1.15,-3.5,2.47,21.15,0,9.66,9,0,2
50383,-1.56,-3.5,1.86,17.46,0,4.44,9,0,2
50433.79999998212,-1.5,-3.5,1.92,18.02,0,0.16,9,0,2
50485.29999998212,-1.97,-3.5,1.44,13.8,0,-3.1,9,0,2
50536.40000000596,-1.66,-3.5,1.82,16.51,0,-3.72,9,0,2
50589.19999998808,-1.57,-3.5,1.92,17.38,0,-1.33,9,0,2
50636.90000000596,-1.23,-3.5,2.29,20.43,0,4.02,9,0,2
50696.5,-1.63,-3.5,1.89,16.83,0,8.65,9,0,2
50736.90000000596,-1.87,-3.5,1.6,14.7,0,11.41,9,0,2
50792.59999999404,-1.49,-3.5,2.12,18.29,0,14.15,9,0,2
50841.19999998808,-1.61,-3.5,1.85,17.05,0,12.01,9,0,2
50891.69999998808,-1.25,-3.5,2.24,20.22,0,16.09,9,0,2
50942.19999998808,-0.77,-3.5,2.72,24.58,0,16.33,9,0,2
50988.59999999404,-0.04,-3.5,3.47,31.14,0,17.67,9,0,2
51038.5,0.18,-3.5,3.67,33.14,0,18.39,9,0,2
51088.40000000596,0.25,-3.5,3.86,33.78,0,23.09,9,0,2
51141,1.46,-3.5,4.96,44.6,0,31.69,9,0,2
51188.79999998212,1.58,-3.5,5.14,45.72,0,36.77,9,0,2
51239.90000000596,2.36,-3.5,5.91,52.74,0,44.73,9,0,2
51294.79999998212,4.12,-3.5,7.64,68.56,0,36.07,9,0,2
51344.09999999404,6.87,-3.5,10.51,93.29,0,-5,9,0,2
51395.79999998212,7.61,-3.5,11.16,100.08,0,-54.02,9,0,2
51445.90000000596,5.87,-3.5,9.35,84.3,0,-70.97,9,0,2
51499.40000000596,5.35,-3.5,8.85,79.62,0,-65.4,9,0,2
51546.19999998808,6.18,-3.5,9.7,87.11,0,-33.87,9,0,2
51601.29999998212,3.75,-3.5,7.15,65.28,0,-55.59,9,0,2
51650.40000000596,1.85,-3.5,5.76,48.13,0,-60.16,9,0,2
51698.79999998212,2.6,-3.5,5.99,54.91,0,-23.69,9,0,2
51745.90000000596,-0.2,-3.5,3.1,29.72,0,-14.05,9,0,2
51797.19999998808,-2.88,-3.5,0.71,5.54,0,-30.85,9,0,2
51848,2.64,-3.5,6.01,55.28,0,-0.75,9,0,2
51897.59999999404,-3.92,-3.5,-0.49,-3.81,0,-64.39,9,0,2
51947.40000000596,-1.34,-3.5,2.26,19.47,0,15.72,9,0,2
52010.59999999404,-4.52,-3.5,-1.12,-9.49,0,4.24,9,0,2
52051.40000000596,-5.22,-3.5,-1.69,-15.48,0,-1.7,9,0,2
52099.29999998212,-2.74,-3.5,0.71,6.88,0,27.23,9,0,2
52149.40000000596,-4.7,-3.5,-1.29,-11.13,0,-3.65,9,0,2
52200.5,-4.91,-3.5,-1.4,-12.61,0,-20.56,9,0,2
52256.09999999404,-2.18,-3.5,1.15,11.84,0,5.96,9,0,2
52303.40000000596,-6.24,-3.5,-2.85,-24.69,0,-34.72,9,0,2
52352.19999998808,-5.29,-3.5,-1.49,-16.07,0,5.72,9,0,2
52410.69999998808,-7.25,-3.5,-3.86,-33.79,0,-10.17,9,0,2
52455.09999999404,-5.78,-3.5,-2.39,-20.56,0,13.66,9,0,2
52504.40000000596,-5.26,-3.5,-1.7,-15.88,0,4.86,9,0,2
52553.29999998212,-4.82,-3.5,-1.36,-11.93,0,6.47,9,0,2
52603.29999998212,-4.01,-3.5,-0.52,-4.63,0,9.14,9,0,2
52653.59999999404,-5.76,-3.5,-2.2,-20.18,0,-8.51,9,0,2
52707.5,-4.8,-3.5,-1.33,-11.7,0,3.72,9,0,2
52759.40000000596,-4.79,-3.5,-1.38,-11.88,0,6.19,9,0,2
52809.90000000596,-4.94,-3.5,-1.41,-12.96,0,-0.6,9,0,2
52862.90000000596,-4.66,-3.5,-1.09,-10.45,0,-1.01,9,0,2
52907.29999998212,-5.46,-3.5,-1.96,-17.6,0,4.18,9,0,2
52958.09999999404,-3.32,-3.5,0.53,1.66,0,-12.39,9,0,2
53009.40000000596,-5.15,-3.5,-1.77,-14.87,0,-50.25,9,0,2
53060.29999998212,-6.86,-3.5,-3.42,-30.22,0,-13.18,9,0,2
53110.90000000596,-6.82,-3.5,-3.26,-29.9,0,9.77,9,0,2
53161.29999998212,-7.07,-3.5,-3.64,-32.1,0,8.5,9,0,2
53219.59999999404,-7.05,-3.5,-3.53,-31.93,0,27.09,9,0,2
53262.69999998808,-7.87,-3.5,-4.37,-39.36,0,28.16,9,0,2
53314.59999999404,-5.92,-3.5,-2.19,-21.82,0,13.4,9,0,2
53364.19999998808,-5.81,-3.5,-2.39,-20.75,0,2.44,9,0,2
53415.40000000596,-6.58,-3.5,-2.84,-27.73,0,-14.04,9,0,2
53469.40000000596,-4.61,-3.5,-1.18,-10.18,0,9.64,9,0,2
53524.90000000596,-6.72,-3.5,-3.22,-28.96,0,-32.04,9,0,2
53569.59999999404,-3.7,-3.5,-0.08,-1.8,0,-8.34,9,0,2
53620,-5.61,-3.5,-2.25,-19.02,0,-17.47,9,0,2
53670.90000000596,-8.1,-3.5,-4.42,-40.89,0,-53.23,9,0,2
53723.09999999404,-5.08,-3.5,-1.73,-14.2,0,-3.7,9,0,2
53771,-8.47,-3.5,-5.12,-44.72,0,-24.54,9,0,2
53823.5,-6.09,-3.5,-2.34,-23.29,0,3.44,9,0,2
53872.19999998808,-6.06,-3.5,-2.55,-23.06,0,4.79,9,0,2
53920.90000000596,-5.74,-3.5,-2.24,-20.16,0,-50.43,9,0,2
53971.29999998212,-5.44,-3.5,-1.88,-17.47,0,-27.65,9,0,2
54023.40000000596,-4.9,-3.5,-1.34,-12.62,0,-15.96,9,0,2
54077.79999998212,-4.96,-3.5,-1.47,-13.11,0,18.25,9,0,2
54124.90000000596,-5.67,-3.5,-2.17,-19.5,0,51.8,9,0,2
54178.40000000596,-5.55,-3.5,-2,-18.46,0,81.63,9,0,2
54227.19999998808,-5.28,-3.5,-1.76,-15.99,0,78.12,9,0,2
54273.40000000596,-5.28,-3.5,-1.76,-16.05,0,54.88,9,0,2
54322.79999998212,-5.91,-3.5,-2.41,-21.73,0,42.39,9,0,2
54374.5,-5.82,-3.5,-2.33,-20.88,0,14.9,9,0,2
54427.40000000596,-5.96,-3.5,-2.45,-22.11,0,10.88,9,0,2
54475.69999998808,-5.73,-3.5,-2.24,-20.05,0,6.5,9,0,2
54526.19999998808,-5.63,-3.5,-2.13,-19.16,0,8.35,9,0,2
54576.79999998212,-5.37,-3.5,-1.88,-16.83,0,0.94,9,0,2
54627.59999999404,-5.08,-3.5,-1.56,-14.22,0,-9,9,0,2
54678.79999998212,-4.79,-3.5,-1.28,-11.65,0,-23.27,9,0,2
54733,-4.81,-3.5,-1.31,-11.75,0,-31.03,9,0,2
54782.40000000596,-4.94,-3.5,-1.47,-12.98,0,-26.25,9,0,2
54831.79999998212,-4.75,-3.5,-1.24,-11.24,0,-17.76,9,0,2
54882.29999998212,-4.62,-3.5,-1.06,-10.12,0,-4.81,9,0,2
54935.69999998808,-4.01,-3.5,-0.48,-4.55,0,-10.17,9,0,2
54987.19999998808,-3.91,-3.5,-0.44,-3.69,0,-8.62,9,0,2
55034.29999998212,2.2,-3.5,5.43,51.31,0,49.26,9,0,2
55086.59999999404,-3.29,-3.5,0.02,1.93,0,33.67,9,0,2
55134.29999998212,-6.85,-3.5,-3.25,-30.11,0,7.63,9,0,2
55186.59999999404,-2.52,-3.5,1.27,8.83,0,7.69,9,0,2
55235.90000000596,-2.59,-3.5,0.81,7.85,0,-10.91,9,0,2
55296.19999998808,-2.18,-3.5,1.34,11.89,0,-9.88,9,0,2
55337.5,-1.87,-3.5,1.64,14.69,0,-7.07,9,0,2
55389.19999998808,-3.16,-3.5,0.08,3.09,0,-17.18,9,0,2
55436.09999999404,-1.94,-3.5,1.66,14.06,0,1.37,9,0,2
55489.5,-2.13,-3.5,1.35,12.32,0,8.16,9,0,2
55539.59999999404,-3.22,-3.5,0.01,2.51,0,-19.2,9,0,2
55590.5,-2.45,-3.5,1.14,9.43,0,-4.65,9,0,2
55646,-1.66,-3.5,1.82,16.54,0,21.61,9,0,2
55689.40000000596,-5.01,-3.5,-1.36,-13.56,0,-14.07,9,0,2
55738.79999998212,-1.58,-3.5,2.06,17.24,0,17.51,9,0,2
55790.69999998808,-0.85,-3.5,2.68,23.86,0,40.64,9,0,2
55839.90000000596,-3.07,-3.5,0.65,3.84,0,-1.82,9,0,2
55891.59999999404,0.13,-3.5,3.74,32.68,0,35.32,9,0,2
55941.90000000596,-2.59,-3.5,0.4,6.5,0,11.81,9,0,2
55994,-0.04,-3.5,3.51,31.16,0,22.67,9,0,2
56043.59999999404,-0.17,-3.5,3.5,29.99,0,30.76,9,0,2
56098.79999998212,-0.46,-3.5,3.23,28.05,0,21.81,9,0,2
56146.5,0.19,-3.5,3.75,33.24,0,22.02,9,0,2
56196.19999998808,0.49,-3.5,3.99,35.95,0,20.18,9,0,2
56247.40000000596,0.46,-3.5,3.91,35.61,0,22.64,9,0,2
56298.19999998808,1.33,-3.5,4.93,43.83,0,29.32,9,0,2
56349.19999998808,1.75,-3.5,5.32,47.24,0,32.62,9,0,2
56400.59999999404,2.04,-3.5,5.58,49.82,0,37.19,9,0,2
56454.09999999404,2.98,-3.5,6.66,58.35,0,51.08,9,0,2
56505.29999998212,4.04,-3.5,7.49,67.84,0,57.4,9,0,2
56551.19999998808,5.15,-3.5,8.79,77.81,0,69.44,9,0,2
56602.40000000596,8.6,-3.5,12.5,108.92,0,64.33,9,0,2
56653.29999998212,16.16,-3.5,19.97,176.9,0,-49.81,9,0,2
56704.40000000596,17.31,-3.5,20.53,187.32,0,-175.26,9,0,2
56755,10.5,-3.5,13.81,126.04,0,-121.01,9,0,2
56809.19999998808,8.59,-3.5,12.05,108.77,0,-30.16,9,0,2
56863,3.56,-3.5,7.35,63.58,0,-91.73,9,0,2
56911.09999999404,13.74,-3.5,16.98,155.12,0,-62.77,9,0,2
56981.59999999404,-0.25,-3.5,2.31,29.27,0,-139.1,9,0,2
57018,6.36,-3.5,9.73,88.74,0,30.12,9,0,2
57069,-6.13,-3.5,-2.79,-23.68,0,-11.04,9,0,2
57108,-2.35,-3.5,1.38,10.38,0,-5.7,9,0,2
57157.40000000596,-1.68,-3.5,1.77,16.4,0,-17.84,9,0,2
57209.5,-5.33,-3.5,-1.87,-16.5,0,-18.11,9,0,2
57258.19999998808,-3.37,-3.5,0.38,1.19,0,-3.17,9,0,2
57308.40000000596,-0.53,-3.5,2.93,26.71,0,-39.27,9,0,2
57361.40000000596,-0.8,-3.5,2.7,24.34,0,-13.14,9,0,2
57410.40000000596,-0.51,-3.5,2.98,26.92,0,-23.88,9,0,2
57470.90000000596,-0.95,-3.5,2.56,22.92,0,-30.08,9,0,2
57511.09999999404,-1.94,-3.5,1.51,13.88,0,-14.04,9,0,2
57562.40000000596,-2.4,-3.5,1.06,9.91,0,0.3,9,0,2
57619.90000000596,-3.62,-3.5,-0.12,-1.04,0,29.81,9,0,2
57664.29999998212,-3.38,-3.5,0.06,1.09,0,37,9,0,2
57715.09999999404,-4.28,-3.5,-0.79,-7,0,56.85,9,0,2
57767.5,-4.55,-3.5,-1.1,-9.66,0,64.9,9,0,2
57815.90000000596,-5.18,-3.5,-1.67,-15.13,0,63.15,9,0,2
57865.40000000596,-5.45,-3.5,-1.98,-17.52,0,53.28,9,0,2
57915.09999999404,-5.97,-3.5,-2.49,-22.27,0,50.54,9,0,2
57966.40000000596,-5.99,-3.5,-2.49,-22.38,0,34.19,9,0,2
58017.69999998808,-5.83,-3.5,-2.32,-20.93,0,12.22,9,0,2
58068,-5.35,-3.5,-1.88,-16.62,0,-4.59,9,0,2
58120,-5.54,-3.5,-2.02,-18.39,0,-25.69,9,0,2
58176.5,-5.54,-3.5,-2.05,-18.34,0,-50.66,9,0,2
58232.19999998808,-5.1,-3.5,-1.59,-14.38,0,-51.32,9,0,2
58280.59999999404,-4.9,-3.5,-1.41,-12.72,0,-28.25,9,0,2
58325.5,-3.99,-3.5,-0.49,-4.4,0,-13.09,9,0,2
58371.79999998212,-3.1,-3.5,0.42,3.62,0,-9.27,9,0,2
58422.59999999404,-2.83,-3.5,0.66,6.03,0,-15.96,9,0,2
58473.29999998212,-3.14,-3.5,0.31,3.25,0,-11.46,9,0,2
58522.79999998212,-3.03,-3.5,0.47,4.26,0,-3.75,9,0,2
58573.40000000596,-2.85,-3.5,0.61,5.84,0,-3.1,9,0,2
58625.5,-2.95,-3.5,0.53,4.97,0,6.45,9,0,2
58675.09999999404,-5.07,-3.5,-1.58,-14.1,0,-3.01,9,0,2
58725.40000000596,-3.2,-3.5,0.3,2.73,0,6.91,9,0,2
58776.69999998808,-3.07,-3.5,0.29,3.36,0,1.61,9,0,2
58827.69999998808,-2.91,-3.5,0.61,5.29,0,-4.25,9,0,2
58879,-2.68,-3.5,0.8,7.42,0,2.8,9,0,2
58929.40000000596,-2.76,-3.5,0.74,6.64,0,4.64,9,0,2
58981.5,-3.39,-3.5,0.16,0.99,0,-1.65,9,0,2
59033.29999998212,-2.81,-3.5,0.7,6.23,0,12.54,9,0,2
59084.90000000596,-4.3,-3.5,-0.93,-7.17,0,-7.17,9,0,2
59134.90000000596,-3.5,-3.5,0.07,0.02,0,-10.22,9,0,2
59186.79999998212,-1.71,-3.5,1.77,16.13,0,11.99,9,0,2
59239.5,-3.43,-3.5,0.06,0.62,0,-1.06,9,0,2
59289.5,-3.7,-3.5,-0.15,-1.68,0,-5.58,9,0,2
59336.19999998808,-3.27,-3.5,0.2,2.11,0,-1.26,9,0,2
59392.40000000596,-3.36,-3.5,0.13,1.22,0,-1.35,9,0,2
59437.69999998808,-3.53,-3.5,-0.05,-0.29,0,-1.7,9,0,2
59489.5,-3.58,-3.5,-0.08,-0.68,0,-2.1,9,0,2
59538.5,-3.67,-3.5,-0.18,-1.52,0,-2.22,9,0,2
59589.69999998808,-3.06,-3.5,0.35,3.97,0,8.45,9,0,2
59640.59999999404,-3.83,-3.5,-0.34,-2.93,0,0.33,9,0,2
59690.69999998808,-3.8,-3.5,-0.26,-2.73,0,-3.14,9,0,2
59746.09999999404,-3.27,-3.5,0.49,2.85,0,3.51,9,0,2
59794.59999999404,-3.75,-3.5,-0.28,-2.24,0,3.38,9,0,2
59842.09999999404,-4.05,-3.5,-0.54,-4.98,0,-5.27,9,0,2
59893.40000000596,-3.23,-3.5,0.24,2.46,0,8.77,9,0,2
59944.29999998212,-4,-3.5,-0.48,-4.52,0,0.6,9,0,2
59995.5,-3.07,-3.5,0.44,3.84,0,7.48,9,0,2
60045.59999999404,-4.09,-3.5,-0.48,-5.29,0,-7.23,9,0,2
60096.19999998808,-2.65,-3.5,0.87,7.64,0,6.68,9,0,2
60149.29999998212,-2.69,-3.5,0.72,7.25,0,7.26,9,0,2
60197.59999999404,-3.7,-3.5,-0.07,-1.78,0,-11.56,9,0,2
60248.5,-2.06,-3.5,1.46,12.97,0,7.43,9,0,2
60320.29999998212,-2.48,-3.5,1.04,9.15,0,9.08,9,0,2
60355.5,-4.29,-3.5,-0.6,-7.15,0,-27.12,9,0,2
60402.90000000596,-0.31,-3.5,3.44,28.7,0,10.3,9,0,2
60450.69999998808,-1.94,-3.5,1.57,14.08,0,18.82,9,0,2
60504.09999999404,-3.44,-3.5,0.15,0.81,0,-5.2,9,0,2
60551.79999998212,-2.32,-3.5,1.2,10.66,0,7.4,9,0,2
60603.19999998808,-3.83,-3.5,-0.37,-2.98,0,-9.23,9,0,2
60653.5,-1.96,-3.5,1.53,13.86,0,7.15,9,0,2
60705,-3.32,-3.5,0.21,1.64,0,-5.72,9,0,2
60755.79999998212,-2.28,-3.5,1.21,10.96,0,8.25,9,0,2
60807.29999998212,-2.39,-3.5,1.17,10.02,0,2.54,9,0,2
60857.79999998212,-3.23,-3.5,0.22,2.23,0,-0.92,9,0,2
60910.40000000596,-2.69,-3.5,0.79,7.23,0,2.44,9,0,2
60958.69999998808,-2.67,-3.5,0.88,7.43,0,-3.73,9,0,2
61009.29999998212,-3.04,-3.5,0.4,4.11,0,-1.88,9,0,2
61060.40000000596,-2.26,-3.5,1.19,11.17,0,4.91,9,0,2
61112.5,-2.23,-3.5,1.32,11.4,0,3.08,9,0,2
61160.40000000596,-3.81,-3.5,-0.28,-2.75,0,-5.75,9,0,2
61211.5,-1.98,-3.5,1.56,13.66,0,10.36,9,0,2
61261.5,-4.66,-3.5,-1.17,-10.73,0,-3.61,9,0,2
61312.40000000596,-2.08,-3.5,1.47,12.81,0,9.26,9,0,2
61365.79999998212,-0.95,-3.5,2.58,22.95,0,33.37,9,0,2
61414.79999998212,-4.35,-3.5,-0.81,-7.62,0,-4.11,9,0,2
61465,-0.52,-3.5,3.15,26.83,0,23.41,9,0,2
61516.59999999404,-0.9,-3.5,2.55,23.42,0,21.22,9,0,2
61568.19999998808,-0.36,-3.5,3.14,28.24,0,11.28,9,0,2
61615.5,-1.11,-3.5,2.39,21.51,0,1.35,9,0,2
61665.19999998808,-1.38,-3.5,2.12,19.09,0,-1.79,9,0,2
61720.09999999404,-1.54,-3.5,1.99,17.66,0,0.41,9,0,2
61766.59999999404,-1.32,-3.5,2.25,19.59,0,1.14,9,0,2
61817.69999998808,-0.87,-3.5,2.74,23.69,0,0.33,9,0,2
61867.69999998808,-1.23,-3.5,2.35,20.44,0,-3.99,9,0,2
61920.69999998808,-1.01,-3.5,2.49,22.37,0,3.64,9,0,2
61970.90000000596,-0.69,-3.5,2.72,25.28,0,8.27,9,0,2
62022.29999998212,-0.45,-3.5,3.05,27.44,0,11.54,9,0,2
62072.69999998808,0.57,-3.5,4.08,36.59,0,8.64,9,0,2
62122.09999999404,1.18,-3.5,4.68,42.13,0,-8.8,9,0,2
62172.19999998808,1.21,-3.5,4.69,42.38,0,-19.79,9,0,2
62224.09999999404,0.67,-3.5,4.21,37.5,0,-15.81,9,0,2
62274.40000000596,-0.42,-3.5,3.01,27.7,0,-13.98,9,0,2
62325.29999998212,0.54,-3.5,4.04,36.4,0,-4.1,9,0,2
62375.40000000596,0.29,-3.5,3.71,33.99,0,-10.42,9,0,2
62426.79999998212,0.47,-3.5,3.97,35.71,0,-13.53,9,0,2
62477.90000000596,0.07,-3.5,3.64,32.29,0,-17.73,9,0,2
62527.59999999404,-0.22,-3.5,3.28,29.48,0,-28.3,9,0,2
62578.19999998808,1.53,-3.5,4.99,45.24,0,0.18,9,0,2
62633.59999999404,-1.13,-3.5,2.41,21.36,0,-23.29,9,0,2
62678.40000000596,-1.1,-3.5,2.41,21.62,0,-14.54,9,0,2
62728.79999998212,-0.25,-3.5,3.25,29.25,0,10.64,9,0,2
62779.09999999404,-4.14,-3.5,-0.94,-5.8,0,-18.2,9,0,2
62830,-1.36,-3.5,2.15,19.3,0,-0.04,9,0,2