t,pitch,setpoint,error,pTerm,iTerm,dTerm,kp,ki,kd,leftRPM,rightRPM,leftPWM,rightPWM,mpu
343606.40000000596,-0.22,0,-0.22,-1.95,0,0,9,0,0,0.09,-0.45,0,0,1
343658.2000000179,-0.25,0,-0.24,-2.28,0,0,9,0,0,0.05,-0.27,74,73,1
343707.60000002384,-0.36,0,-0.32,-3.2,0,0,9,0,0,0.43,-0.56,0,0,1
343757.8000000119,-0.11,0,-0.07,-1.01,0,0,9,0,0,0.26,-0.33,0,0,1
343807.3000000119,-0.15,0,-0.19,-1.33,0,0,9,0,0,0.15,-0.6,0,0,1
343859.2000000179,-0.36,0,-0.38,-3.22,0,0,9,0,0,0.09,-0.36,73,0,1
343907.7000000179,-0.72,0,-0.75,-6.49,0,0,9,0,0,0.45,-0.21,0,0,1
343957.10000002384,-0.39,0,-0.34,-3.49,0,0,9,0,0,0.27,-0.13,73,0,1
344010.3000000119,-0.24,0,-0.19,-2.13,0,0,9,0,0,1.74,-0.47,73,0,1
344060.3000000119,-0.77,0,-0.68,-6.92,0,0,9,0,0,2.63,-0.28,73,74,1
344109.5,-0.06,0,-0.01,-0.56,0,0,9,0,0,1.97,-0.57,0,0,1
344162.60000002384,-1.09,0,-1.02,-9.77,0,0,9,0,0,1.97,-1.52,75,75,1
344212.60000002384,-0.87,0,-0.83,-7.67,0,0,9,0,0,1.58,-2.49,78,77,1
344260.7000000179,-0.5,0,-0.48,-4.47,0,0,9,0,0,1.34,-5.45,81,0,1
344313.8000000119,-0.41,0,-0.4,-3.67,0,0,9,0,0,2.78,-8.4,84,73,1
344361.60000002384,-0.91,0,-0.94,-8.23,0,0,9,0,0,6.8,-8.99,86,81,1
344417.5,-0.12,0,-0.09,-1.1,0,0,9,0,0,11.19,-9.35,0,0,1
344461.7000000179,-0.98,0,-1.02,-8.86,0,0,9,0,0,14.22,-10.74,73,75,1
344512.2000000179,-0.37,0,-0.34,-3.03,0,0,9,0,0,13.27,-11.98,0,74,1
344561.7000000179,-0.01,0,-0.05,-0.1,0,0,9,0,0,12.71,-15.48,0,0,1
344611.8000000119,-0.18,0,-0.18,-1.61,0,0,9,0,0,9.99,-15.22,0,0,1
344662.5,0.26,0,0.26,2.31,0,0,9,0,0,6,-13.08,0,0,1
344712.40000000596,0.86,0,0.86,7.76,0,0,9,0,0,3.6,-9.43,79,73,1
344765.60000002384,1.36,0,1.26,12.28,0,0,9,0,0,-1,-4.87,86,81,1
344815.3000000119,1.04,0,1.1,9.37,0,0,9,0,0,-7.32,1.43,0,0,1
344865.10000002384,1.82,0,1.87,16.42,0,0,9,0,0,-9.92,4.81,79,82,1
344919,1.21,0,1.21,10.88,0,0,9,0,0,-13.85,9.2,79,84,1
344970.8000000119,1.49,0,1.52,13.44,0,0,9,0,0,-17.79,15,87,91,1
345020.8000000119,1.71,0,1.74,15.4,0,0,9,0,0,-22.92,20.85,91,94,1
345071.8000000119,2.29,0,2.23,20.5,0,0,9,0,0,-28.77,27.52,97,98,1
345117,2.18,0,2.18,19.6,0,0,9,0,0,-35.04,34.29,96,97,1
345167.8000000119,2.16,0,2.13,19.35,0,0,9,0,0,-41.57,40.33,96,97,1
345218.10000002384,1.69,0,1.69,15.25,0,0,9,0,0,-48.25,45.93,90,94,1
345267.7000000179,1.69,0,1.74,15.25,0,0,9,0,0,-54.63,52.05,90,94,1
345317.2000000179,1.01,0,1.01,9.05,0,0,9,0,0,-59.64,57.3,83,87,1
345369.7000000179,0.39,0,0.3,3.54,0,0,9,0,0,-64.23,62.04,74,79,1
345419.60000002384,0.32,0,0.25,2.91,0,0,9,0,0,-68.17,66.06,0,78,1
345469.5,0.41,0,0.42,3.68,0,0,9,0,0,-71.32,69.66,0,0,1
345517,0.27,0,0.27,2.46,0,0,9,0,0,-70.05,69.06,0,73,1
345568.60000002384,0.44,0,0.43,3.99,0,0,9,0,0,-66.52,66.72,76,75,1
345619,-1.19,0,-1.45,-10.68,0,0,9,0,0,-64.01,66.5,0,0,1
345668.60000002384,-1.39,0,-1.31,-12.53,0,0,9,0,0,-62.9,65.18,79,77,1
345718,2.93,0,2.93,26.38,0,0,9,0,0,-53.15,55.31,79,78,1
345771.90000000596,-1.03,0,-1.08,-9.31,0,0,9,0,0,-46.11,47.8,74,73,1
345820.90000000596,2.45,0,2.54,22.07,0,0,9,0,0,-39.52,42.9,75,74,1
345875.5,0.59,0,0.39,5.32,0,0,9,0,0,-29.64,34.04,76,0,1
345920.60000002384,-0.69,0,-0.69,-6.17,0,0,9,0,0,-25.29,30.3,75,0,1
345970.8000000119,1.84,0,1.82,16.57,0,0,9,0,0,-16.75,24.9,79,75,1
346020.8000000119,0.2,0,0.19,1.82,0,0,9,0,0,-11.24,20.86,0,0,1
346070.8000000119,0.45,0,0.43,4.09,0,0,9,0,0,-7.93,16.47,78,73,1
346120.7000000179,0.57,0,0.57,5.11,0,0,9,0,0,-6.34,11.86,80,0,1
346175.2000000179,0.38,0,0.35,3.41,0,0,9,0,0,-7.36,6.32,75,77,1
346221.60000002384,0.32,0,0.35,2.84,0,0,9,0,0,-10.74,5.77,0,81,1
346273.5,-0.68,0,-0.58,-5.77,0,0,9,0,0,-11.58,9.39,0,0,1
346321.5,0.24,0,0.24,2.16,0,0,9,0,0,-9.71,12.35,0,0,1
346371.3000000119,-0.07,0,-0.04,-0.62,0,0,9,0,0,-6.62,11.36,0,0,1
346423.10000002384,0.15,0,0.14,1.39,0,0,9,0,0,-3.97,9.19,0,0,1
346473.2000000179,-0.87,0,-0.89,-7.82,0,0,9,0,0,-2.38,5.51,75,0,1
346524.3000000119,-0.67,0,-0.67,-6.02,0,0,9,0,0,-1.03,3.31,77,74,1
346576.60000002384,0.78,0,0.92,7.52,0,0,9,0,0,2.94,-0.39,0,0,1
346622.8000000119,-1.74,0,-1.79,-15.78,0,0,9,0,0,7.69,-4.18,75,77,1
346672.60000002384,-1.35,0,-1.37,-12.22,0,0,9,0,0,8.96,-4.88,78,82,1
346722.40000000596,0.05,0,0.05,0.49,0,0,9,0,0,12.09,-6.48,0,0,1
346772.60000002384,-2.42,0,-2.42,-21.81,0,0,9,0,0,14.76,-8.63,79,82,1
346822.7000000179,-0.59,0,-0.73,-5.29,0,0,9,0,0,15.57,-9.52,0,80,1
346872.60000002384,-2.53,0,-2.33,-22.15,0,0,9,0,0,18.03,-12.04,91,98,1
346924.60000002384,-2.38,0,-2.38,-21.45,0,0,9,0,0,21.49,-16.31,95,102,1
346973.90000000596,-2.42,0,-2.45,-21.9,0,0,9,0,0,25.53,-22.03,97,102,1
347024.2000000179,-3.03,0,-3.11,-27.24,0,0,9,0,0,31.12,-28.23,103,106,1
347074.90000000596,-3.4,0,-3.41,-30.62,0,0,9,0,0,36.45,-35.11,107,108,1
347124.90000000596,-3.98,0,-4.18,-35.8,0,0,9,0,0,42.02,-41.61,114,114,1
347177.60000002384,-4.39,0,-4.48,-39.48,0,0,9,0,0,48.13,-48.67,116,115,1
347224.90000000596,-5.99,0,-5.94,-53.88,0,0,9,0,0,54.55,-55.67,128,126,1
347278.2000000179,-7.02,0,-7.03,-63.22,0,0,9,0,0,60.78,-62.24,136,134,1
347328,-8.72,0,-8.71,-78.52,0,0,9,0,0,68.86,-68.16,146,146,1
347385.5,-10.2,0,-10.22,-91.78,0,0,9,0,0,76.08,-74.87,155,156,1
347427.8000000119,-12.38,0,-12.38,-111.42,0,0,9,0,0,85.16,-83.64,169,170,1
347477.60000002384,-15.94,0,-16,-143.66,0,0,9,0,0,94.55,-92.85,190,191,1
347534.8000000119,-19.47,0,-19.34,-175.21,0,0,9,0,0,104.53,-104.7,209,209,1
347579.5,-26.58,0,-27.6,-239.21,0,0,9,0,0,118.42,-118.92,250,249,1
347630.7000000179,-42.43,0,-42.53,-314.43,0,0,9,0,0,135.05,-134.96,0,0,1