t,pitch,accel,gyro,setpoint,error,pTerm,iTerm,dTerm,pid,kp,ki,kd,leftRPM,rightRPM,rpmDiff,velocityFeedback,positionFeedback,leftPWM,rightPWM,leftDir,rightDir,leftCount,rightCount,leftTrim,rightTrim,alpha,sync,leftMin,rightMin,cpr,mpu,system
48416.59999999404,-4.1,-3.15,-8.9,-3.5,-0.57,-5.3,0,-17.81,-21.66,9,0,2,0.95,-1.11,-0.15,-1.03,0.02,86,83,"BACKWARD","FORWARD",-5352,9692,1.81,-2.31,0.98,0.75,70,70,1215,1,1
48469.40000000596,-2.54,-6.51,8.6,-3.5,0.84,8.65,0,17.2,24.91,9,0,2,5.71,-5.4,0.3,-5.56,0.04,80,79,"FORWARD","BACKWARD",-5340,9683,1.81,-2.31,0.98,0.75,70,70,1215,1,1
48518.19999998808,-6.47,-4.47,-10.71,-3.5,-2.85,-26.76,0,-21.01,-47.12,9,0,2,5,-2.85,2.16,-3.93,0.02,82,81,"BACKWARD","FORWARD",-5341,9687,1.81,-2.31,0.98,0.75,70,70,1215,1,1
48567.19999998808,-5.34,-5.2,-11.12,-3.5,-1.83,-16.6,0,-23.5,-36.63,9,0,2,3.79,-2.1,1.69,-2.95,0.03,93,93,"BACKWARD","FORWARD",-5332,9681,1.81,-2.31,0.98,0.75,70,70,1215,1,1
48618,-3.57,-6.17,4.29,-3.5,-0.2,-0.62,0,9.17,7.03,9,0,2,7.41,-5.61,1.8,-6.51,0.05,74,74,"FORWARD","BACKWARD",-5322,9671,1.8,-2.3,0.98,0.75,70,70,1215,1,1
48667.90000000596,-6.21,-5.38,-12.12,-3.5,-2.69,-24.4,0,-24.25,-49.21,9,0,2,5.24,-4.15,1.08,-4.7,0.03,88,88,"BACKWARD","FORWARD",-5322,9672,1.8,-2.3,0.98,0.75,70,70,1215,1,1
48719.69999998808,-5.61,-1.85,-12.44,-3.5,-1.94,-19.02,0,-24.88,-40.07,9,0,2,5.91,-3.68,2.23,-4.79,0.05,99,99,"BACKWARD","FORWARD",-5308,9664,1.8,-2.3,0.98,0.75,70,70,1215,1,1
48774.5,-5.82,-7.96,0.66,-3.5,-2.41,-20.89,0,1.32,-20.81,9,0,2,10.66,-7.34,3.31,-9,0.06,74,74,"BACKWARD","FORWARD",-5289,9649,1.8,-2.3,0.98,0.75,70,70,1215,1,1
48822.90000000596,-5.04,1.22,0.91,-3.5,-1.17,-13.83,0,1.83,-1.46,9,0,2,13.5,-9.54,3.96,-11.52,0.1,76,77,"BACKWARD","FORWARD",-5269,9633,1.78,-2.28,0.98,0.75,70,70,1215,1,1
48873.5,-7.07,-8.36,9.81,-3.5,-3.62,-32.1,0,19.63,-11.72,9,0,2,15.61,-12.44,3.17,-14.02,0.09,0,0,"STOP","STOP",-5257,9623,1.78,-2.28,0.98,0.75,70,70,1215,1,1
48920.40000000596,-8.12,-6.76,-2.8,-3.5,-4.62,-41.58,0,-5.59,-45.48,9,0,2,12.13,-9.44,2.69,-10.79,0.08,93,93,"BACKWARD","FORWARD",-5248,9614,1.77,-2.27,0.98,0.75,70,70,1215,1,1
48973.29999998212,-3.94,-4.16,15.75,-3.5,-0.42,-3.93,0,31.49,29.99,9,0,2,12.81,-11.59,1.22,-12.2,0.09,79,79,"FORWARD","BACKWARD",-5234,9596,1.77,-2.27,0.98,0.75,70,70,1215,1,1
49022.69999998808,-6.8,-6.05,-3.48,-3.5,-3.23,-29.71,0,-6.97,-34.87,9,0,2,9.66,-11.3,-1.64,-10.48,0.06,78,77,"BACKWARD","FORWARD",-5238,9595,1.78,-2.28,0.98,0.75,70,70,1215,1,1
49071,-4.45,5.94,-0.54,-3.5,-0.52,-8.52,0,-1.09,-0.96,9,0,2,5.01,-7.57,-2.56,-6.29,0.05,78,0,"BACKWARD","STOP",-5232,9588,1.78,-2.28,0.98,0.75,70,70,1215,1,1
49120.40000000596,-4.22,-6.39,6.27,-3.5,-0.72,-6.52,0,12.54,7.14,9,0,2,5.77,-8.49,-2.72,-7.13,0.05,76,0,"FORWARD","STOP",-5232,9584,1.8,-2.3,0.98,0.75,70,70,1215,1,1
49171,-5.03,-4.4,-4.45,-3.5,-1.5,-13.75,0,-8.89,-22.02,9,0,2,1.88,-3.91,-2.03,-2.9,0.02,80,78,"BACKWARD","FORWARD",-5234,9585,1.8,-2.3,0.98,0.75,70,70,1215,1,1
49221.90000000596,-3.15,-0.37,1.91,-3.5,0.53,3.18,0,3.81,13.69,9,0,2,2.71,-3.93,-1.22,-3.32,0.02,0,0,"STOP","STOP",-5223,9575,1.8,-2.3,0.98,0.75,70,70,1215,1,1
49275,-4.44,-6.28,3.86,-3.5,-1.01,-8.44,0,7.72,-3.91,9,0,2,5.58,-7.1,-1.52,-6.34,0.04,0,0,"STOP","STOP",-5224,9570,1.8,-2.3,0.98,0.75,70,70,1215,1,1
49324.40000000596,-5.2,-3.69,-6.35,-3.5,-1.7,-15.26,0,-12.69,-27.58,9,0,2,0.98,-3.86,-2.89,-2.42,0.02,84,81,"BACKWARD","FORWARD",-5222,9568,1.81,-2.31,0.98,0.75,70,70,1215,1,1
49376.19999998808,-2.67,-5.29,10.89,-3.5,0.74,7.5,0,21.78,27.41,9,0,2,4.14,-4.69,-0.55,-4.41,0.03,79,78,"FORWARD","BACKWARD",-5213,9562,1.81,-2.31,0.98,0.75,70,70,1215,1,1
49427,-5.36,-5.78,-2.95,-3.5,-1.87,-16.74,0,-5.59,-22.41,9,0,2,3.27,-3.6,-0.33,-3.44,0.02,77,76,"BACKWARD","FORWARD",-5218,9565,1.81,-2.31,0.98,0.75,70,70,1215,1,1
49477.19999998808,-4.66,-4.34,-3.59,-3.5,-1.15,-10.46,0,-7.18,-17.3,9,0,2,1.17,-2.16,-0.99,-1.67,0.02,84,81,"BACKWARD","FORWARD",-5211,9556,1.81,-2.31,0.98,0.75,70,70,1215,1,1
49527.29999998212,-2.64,-6.39,13.73,-3.5,0.86,7.7,0,27.46,36.03,9,0,2,5.05,-6.04,-0.99,-5.54,0.04,81,80,"FORWARD","BACKWARD",-5203,9547,1.81,-2.31,0.98,0.75,70,70,1215,1,1
49575.09999999404,-5.19,-5.37,-2.49,-3.5,-1.68,-15.21,0,-4.98,-19.58,9,0,2,3.82,-4.81,-0.99,-4.31,0.02,75,74,"BACKWARD","FORWARD",-5208,9552,1.81,-2.31,0.98,0.75,70,70,1215,1,1
49626.29999998212,-4.23,-3.64,-1.25,-3.5,-0.7,-6.6,0,-2.49,-8.14,9,0,2,0.71,-1.7,-0.99,-1.21,0.01,79,75,"BACKWARD","FORWARD",-5205,9546,1.81,-2.31,0.98,0.75,70,70,1215,1,1
49677.09999999404,-2.2,-4.98,13.47,-3.5,1.14,11.69,0,26.94,38.07,9,0,2,2.8,-4.58,-1.78,-3.69,0.03,82,81,"FORWARD","BACKWARD",-5199,9537,1.81,-2.31,0.98,0.75,70,70,1215,1,1
49726.5,-4.34,-6.5,4.33,-3.5,-0.84,-7.54,0,8.67,1.62,9,0,2,2.07,-4.33,-2.25,-3.2,0.01,74,0,"FORWARD","STOP",-5208,9544,1.81,-2.31,0.98,0.75,70,70,1215,1,1
49781.29999998212,-3.56,-2.97,0.22,-3.5,-0.03,-0.41,0,0.44,0.52,9,0,2,-3.1,0.96,2.14,2.03,-0.01,0,0,"STOP","STOP",-5212,9547,1.81,-2.31,0.98,0.75,70,70,1215,1,1
49827.59999999404,-2.38,-4,10.1,-3.5,1.05,9.84,0,20.19,29.33,9,0,2,-1.07,0.58,0.49,0.82,-0.01,84,83,"FORWARD","BACKWARD",-5211,9549,1.81,-2.31,0.98,0.75,70,70,1215,1,1
49877.69999998808,-3.52,-1.58,3.07,-3.5,0.06,-0.14,0,6.15,6.63,9,0,2,-1.83,1.93,-0.1,1.88,-0.03,79,75,"FORWARD","BACKWARD",-5222,9559,1.81,-2.31,0.98,0.75,70,70,1215,1,1
49927,-3.93,-1.59,-4.22,-3.5,-0.43,-3.87,0,-8.45,-13.33,9,0,2,-7.02,5.9,1.13,6.46,-0.05,74,74,"BACKWARD","FORWARD",-5237,9571,1.8,-2.3,0.98,0.75,70,70,1215,1,1
49979.5,-1.57,1.19,11.06,-3.5,2.15,17.35,0,21.29,40.98,9,0,2,-8.16,7.09,1.07,7.63,-0.05,84,83,"FORWARD","BACKWARD",-5239,9573,1.8,-2.3,0.98,0.75,70,70,1215,1,1
50028.19999998808,-2.98,-1.02,8.68,-3.5,0.66,4.68,0,17.61,22.43,9,0,2,-6.08,5.05,1.04,5.56,-0.05,87,86,"FORWARD","BACKWARD",-5250,9580,1.78,-2.28,0.98,0.75,70,70,1215,1,1
50078.69999998808,-3.54,0.21,-1.86,-3.5,0.16,-0.35,0,-3.72,-3.09,9,0,2,-9.18,6.98,2.2,8.08,-0.06,0,0,"STOP","STOP",-5270,9595,1.78,-2.28,0.98,0.75,70,70,1215,1,1
50128.79999998212,-1.55,-3.01,7.15,-3.5,1.95,17.52,0,14.3,29.97,9,0,2,-13.01,10.51,2.51,11.76,-0.09,81,81,"FORWARD","BACKWARD",-5287,9610,1.77,-2.27,0.98,0.75,70,70,1215,1,1
50179.90000000596,-2.04,0.33,2.18,-3.5,1.61,13.59,0,4.36,16.96,9,0,2,-15.71,12.23,3.48,13.97,-0.14,84,85,"FORWARD","BACKWARD",-5312,9631,1.77,-2.27,0.98,0.75,70,70,1215,1,1
50230,-1.98,-1.77,-0.09,-3.5,1.54,13.69,0,-0.17,11.08,9,0,2,-19.3,16.42,2.88,17.86,-0.21,84,85,"FORWARD","BACKWARD",-5342,9658,1.75,-2.25,0.98,0.75,70,70,1215,1,1
50281.59999999404,-1.81,-2.82,-2.06,-3.5,1.63,15.23,0,-3.94,6.86,9,0,2,-24.22,21.31,2.91,22.77,-0.29,82,83,"FORWARD","BACKWARD",-5378,9692,1.75,-2.25,0.98,0.75,70,70,1215,1,1
50331.90000000596,-1.15,0.11,4.83,-3.5,2.47,21.15,0,9.66,27.64,9,0,2,-29.15,26.22,2.93,27.69,-0.2,79,79,"FORWARD","BACKWARD",-5416,9727,1.74,-2.24,0.98,0.75,70,70,1215,1,1
50383,-1.56,-3.34,2.22,-3.5,1.86,17.46,0,4.44,15.62,9,0,2,-31.71,29.16,2.55,30.44,-0.27,83,83,"FORWARD","BACKWARD",-5455,9764,1.74,-2.24,0.98,0.75,70,70,1215,1,1
50433.79999998212,-1.5,-2.6,0.08,-3.5,1.92,18.02,0,0.16,11.05,9,0,2,-34.44,32.12,2.32,33.28,-0.35,85,84,"FORWARD","BACKWARD",-5500,9805,1.72,-2.22,0.98,0.75,70,70,1215,1,1
50485.29999998212,-1.97,-3.61,-1.67,-3.5,1.44,13.8,0,-3.1,3.64,9,0,2,-38.44,35.07,3.37,36.76,-0.44,77,79,"FORWARD","BACKWARD",-5549,9850,1.72,-2.22,0.98,0.75,70,70,1215,1,1
50536.40000000596,-1.66,-1.81,-1.86,-3.5,1.82,16.51,0,-3.72,5.47,9,0,2,-42.82,38.82,4,40.82,-0.55,79,82,"FORWARD","BACKWARD",-5603,9899,1.71,-2.21,0.98,0.75,70,70,1215,1,1
50589.19999998808,-1.57,-0.95,-0.67,-3.5,1.92,17.38,0,-1.33,8.22,9,0,2,-46.23,42.65,3.58,44.44,-0.65,83,85,"FORWARD","BACKWARD",-5660,9953,1.71,-2.21,0.98,0.75,70,70,1215,1,1
50636.90000000596,-1.23,-0.38,2.01,-3.5,2.29,20.43,0,4.02,18.9,9,0,2,-50.26,46.53,3.73,48.39,-0.32,74,75,"FORWARD","BACKWARD",-5718,10007,1.69,-2.19,0.98,0.75,70,70,1215,1,1
50696.5,-1.63,-1.71,4.33,-3.5,1.89,16.83,0,8.65,18.2,9,0,2,-53.07,49.65,3.42,51.36,-0.43,82,82,"FORWARD","BACKWARD",-5776,10061,1.69,-2.19,0.98,0.75,70,70,1215,1,1
50736.90000000596,-1.87,-2.65,5.71,-3.5,1.6,14.7,0,11.41,16.4,9,0,2,-54.75,51.52,3.24,53.14,-0.53,87,88,"FORWARD","BACKWARD",-5837,10120,1.68,-2.18,0.98,0.75,70,70,1215,1,1
50792.59999999404,-1.49,-0.52,7.07,-3.5,2.12,18.29,0,14.15,24.68,9,0,2,-57.35,53.82,3.52,55.58,-0.64,99,100,"FORWARD","BACKWARD",-5902,10183,1.68,-2.18,0.98,0.75,70,70,1215,1,1
50841.19999998808,-1.61,-2.13,6.04,-3.5,1.85,17.05,0,12.01,19.53,9,0,2,-60.48,57.97,2.51,59.23,-0.77,97,97,"FORWARD","BACKWARD",-5973,10255,1.66,-2.16,0.98,0.75,70,70,1215,1,1
50891.69999998808,-1.25,-1.28,8.04,-3.5,2.24,20.22,0,16.09,24.69,9,0,2,-63.55,62.44,1.11,62.99,-0.9,104,102,"FORWARD","BACKWARD",-6048,10330,1.66,-2.16,0.98,0.75,70,70,1215,1,1
50942.19999998808,-0.77,-1.77,8.17,-3.5,2.72,24.58,0,16.33,29.77,9,0,2,-68.15,67.88,0.27,68.02,-1.05,108,105,"FORWARD","BACKWARD",-6127,10410,1.66,-2.16,0.98,0.75,70,70,1215,1,1
50988.59999999404,-0.04,0.21,8.72,-3.5,3.47,31.14,0,17.67,36.72,9,0,2,-72.1,71.94,0.16,72.02,-1.2,115,111,"FORWARD","BACKWARD",-6212,10494,1.66,-2.16,0.98,0.75,70,70,1215,1,1
51038.5,0.18,-0.01,9.2,-3.5,3.67,33.14,0,18.39,38.55,9,0,2,-76.84,76.35,0.49,76.6,-1.37,116,113,"FORWARD","BACKWARD",-6302,10581,1.66,-2.16,0.98,0.75,70,70,1215,1,1
51088.40000000596,0.25,1.52,11.44,-3.5,3.86,33.78,0,23.09,43.85,9,0,2,-82.45,80.57,1.88,81.51,-1.53,119,118,"FORWARD","BACKWARD",-6398,10671,1.66,-2.16,0.98,0.75,70,70,1215,1,1
51141,1.46,0.37,15.86,-3.5,4.96,44.6,0,31.69,61.58,9,0,2,-87.4,84.3,3.1,85.85,-1.71,133,134,"FORWARD","BACKWARD",-6502,10771,1.65,-2.15,0.98,0.75,70,70,1215,1,1
51188.79999998212,1.58,1.12,18.39,-3.5,5.14,45.72,0,36.77,66.62,9,0,2,-93.13,89.29,3.84,91.21,-1.91,137,138,"FORWARD","BACKWARD",-6610,10875,1.65,-2.15,0.98,0.75,70,70,1215,1,1
51239.90000000596,2.36,2.58,22.36,-3.5,5.91,52.74,0,44.73,80.16,9,0,2,-98.54,94.66,3.88,96.6,-2.12,147,148,"FORWARD","BACKWARD",-6729,10989,1.63,-2.13,0.98,0.75,70,70,1215,1,1
51294.79999998212,4.12,3.46,18.04,-3.5,7.64,68.56,0,36.07,84.09,9,0,2,-105.35,101.04,4.3,103.2,-2.34,151,153,"FORWARD","BACKWARD",-6858,11111,1.63,-2.13,0.98,0.75,70,70,1215,1,1
51344.09999999404,6.87,8.84,-3.07,-3.5,10.51,93.29,0,-5,66.77,9,0,2,-112.99,108.03,4.95,110.51,-2.59,137,140,"FORWARD","BACKWARD",-6996,11241,1.62,-2.12,0.98,0.75,70,70,1215,1,1
51395.79999998212,7.61,9.21,-27.01,-3.5,11.16,100.08,0,-54.02,22.86,9,0,2,-122.31,115.78,8.26,126.14,-2.9,96,105,"FORWARD","BACKWARD",-7141,11374,1.62,-2.12,0.98,0.75,70,70,1215,1,1
51445.90000000596,5.87,6.02,-35.48,-3.5,9.35,84.3,0,-70.97,-8.17,9,0,2,-135.84,125.75,10.09,130.8,-0.82,0,0,"STOP","STOP",-7290,11510,1.6,-2.1,0.98,0.75,70,70,1215,1,1
51499.40000000596,5.35,6.65,-32.7,-3.5,8.85,79.62,0,-65.4,-6.38,9,0,2,-135.63,121.67,13.96,128.65,-1,0,79,"STOP","FORWARD",-7430,11629,1.59,-2.09,0.98,0.75,70,70,1215,1,1
51546.19999998808,6.18,7.12,-16.93,-3.5,9.7,87.11,0,-33.87,35.52,9,0,2,-129.58,106.98,22.6,118.28,-1.09,88,107,"FORWARD","BACKWARD",-7551,11714,1.59,-2.09,0.98,0.75,70,70,1215,1,1
51601.29999998212,3.75,4.26,-27.8,-3.5,7.15,65.28,0,-55.59,-11.01,9,0,2,-121.6,98.56,23.04,110.08,-0.71,0,74,"STOP","FORWARD",-7663,11802,1.57,-2.07,0.98,0.75,70,70,1215,1,1
51650.40000000596,1.85,9.66,-30.08,-3.5,5.76,48.13,0,-60.16,-22.42,9,0,2,-110.09,86,24.1,98.05,-0.75,76,91,"BACKWARD","FORWARD",-7757,11870,1.57,-2.07,0.98,0.75,70,70,1215,1,1
51698.79999998212,2.6,1.89,-11.87,-3.5,5.99,54.91,0,-23.69,17.36,9,0,2,-96.08,69.77,26.31,82.93,-0.58,0,84,"STOP","BACKWARD",-7832,11916,1.56,-2.06,0.98,0.75,70,70,1215,1,1
51745.90000000596,-0.2,-2.55,-7.19,-3.5,3.1,29.72,0,-14.05,1.57,9,0,2,-81.35,63.2,18.16,72.27,-0.6,79,83,"BACKWARD","BACKWARD",-7892,11972,1.56,-2.06,0.98,0.75,70,70,1215,1,1
51797.19999998808,-2.88,-1.99,-15.42,-3.5,0.71,5.54,0,-30.85,-32.96,9,0,2,-63.03,56.09,6.94,59.56,-0.42,84,86,"BACKWARD","FORWARD",-7928,12016,1.54,-2.04,0.98,0.75,70,70,1215,1,1
51848,2.64,-1.09,-0.38,-3.5,6.01,55.28,0,-0.75,43.32,9,0,2,-46.91,44.72,2.19,45.81,-0.37,102,102,"FORWARD","BACKWARD",-7950,12044,1.54,-2.04,0.98,0.75,70,70,1215,1,1
51897.59999999404,-3.92,-4.54,-32.19,-3.5,-0.49,-3.81,0,-64.39,-74.3,9,0,2,-39.6,38.68,0.92,39.14,-0.26,90,90,"BACKWARD","FORWARD",-7980,12074,1.54,-2.04,0.98,0.75,70,70,1215,1,1
51947.40000000596,-1.34,0.99,7.86,-3.5,2.26,19.47,0,15.72,34.76,9,0,2,-27.32,25.97,1.34,26.65,-0.16,74,74,"FORWARD","BACKWARD",-7987,12079,1.54,-2.04,0.98,0.75,70,70,1215,1,1
52010.59999999404,-4.52,-6.42,2.12,-3.5,-1.12,-9.49,0,4.24,-9.83,9,0,2,-17.97,17.16,0.8,17.57,-0.11,0,0,"STOP","STOP",-7991,12084,1.54,-2.04,0.98,0.75,70,70,1215,1,1
52051.40000000596,-5.22,-4.48,-0.85,-3.5,-1.69,-15.48,0,-1.7,-18.04,9,0,2,-10.39,9.9,0.48,10.15,-0.06,82,81,"BACKWARD","FORWARD",-7989,12081,1.54,-2.04,0.98,0.75,70,70,1215,1,1
52099.29999998212,-2.74,-4.7,13.62,-3.5,0.71,6.88,0,27.23,32.85,9,0,2,-1.89,1.2,0.68,1.54,0,78,78,"FORWARD","BACKWARD",-7978,12069,1.54,-2.04,0.98,0.75,70,70,1215,1,1
52149.40000000596,-4.7,-6.26,-1.83,-3.5,-1.29,-11.13,0,-3.65,-17.34,9,0,2,-2.32,0.72,1.6,1.52,-0.01,73,73,"BACKWARD","FORWARD",-7982,12070,1.54,-2.04,0.98,0.75,70,70,1215,1,1
52200.5,-4.91,-4.33,-10.28,-3.5,-1.4,-12.61,0,-20.56,-33.27,9,0,2,-0.21,-1.15,-0.94,-0.47,0.01,90,87,"BACKWARD","FORWARD",-7978,12065,1.54,-2.04,0.98,0.75,70,70,1215,1,1
52256.09999999404,-2.18,-5,2.98,-3.5,1.15,11.84,0,5.96,16.89,9,0,2,5.01,-6.22,-1.21,-5.62,0.04,76,74,"FORWARD","BACKWARD",-7965,12051,1.54,-2.04,0.98,0.75,70,70,1215,1,1
52303.40000000596,-6.24,-7.47,-17.51,-3.5,-2.85,-24.69,0,-34.72,-60.21,9,0,2,3.8,-5.31,-1.51,-4.55,0.03,90,88,"BACKWARD","FORWARD",-7963,12047,1.54,-2.04,0.98,0.75,70,70,1215,1,1
52352.19999998808,-5.29,0.25,3.36,-3.5,-1.49,-16.07,0,5.72,-4.72,9,0,2,5.83,-7.93,-2.09,-6.88,0.06,80,75,"BACKWARD","FORWARD",-7952,12034,1.54,-2.04,0.98,0.75,70,70,1215,1,1
52410.69999998808,-7.25,-9.03,-5.09,-3.5,-3.86,-33.79,0,-10.17,-43.88,9,0,2,9.43,-9.5,-0.07,-9.46,0.07,85,84,"BACKWARD","FORWARD",-7938,12021,1.54,-2.04,0.98,0.75,70,70,1215,1,1
52455.09999999404,-5.78,-8.34,6.83,-3.5,-2.39,-20.56,0,13.66,-6.89,9,0,2,12.37,-11.62,0.75,-12,0.08,0,0,"STOP","STOP",-7920,12007,1.54,-2.04,0.98,0.75,70,70,1215,1,1
52504.40000000596,-5.26,-3.28,2.43,-3.5,-1.7,-15.88,0,4.86,-6.81,9,0,2,14.53,-12.11,2.42,-13.32,0.11,76,76,"BACKWARD","FORWARD",-7901,11993,1.53,-2.03,0.98,0.75,70,70,1215,1,1
52553.29999998212,-4.82,-5.3,3.23,-3.5,-1.36,-11.93,0,6.47,-3.85,9,0,2,17.02,-13.19,3.82,-15.1,0.14,73,76,"BACKWARD","FORWARD",-7880,11978,1.53,-2.03,0.98,0.75,70,70,1215,1,1
52603.29999998212,-4.01,-3.76,4.57,-3.5,-0.52,-4.63,0,9.14,7.37,9,0,2,18.9,-15.42,3.48,-17.16,0.11,0,0,"STOP","STOP",-7857,11958,1.51,-2.01,0.98,0.75,70,70,1215,1,1
52653.59999999404,-5.76,-4.68,-4.25,-3.5,-2.2,-20.18,0,-8.51,-25.18,9,0,2,20.03,-16.76,3.27,-18.4,0.13,80,81,"BACKWARD","FORWARD",-7836,11939,1.51,-2.01,0.98,0.75,70,70,1215,1,1
52707.5,-4.8,-5.23,1.86,-3.5,-1.33,-11.7,0,3.72,-4.79,9,0,2,21.11,-18.75,2.36,-19.93,0.18,75,75,"BACKWARD","FORWARD",-7811,11916,1.5,-2,0.98,0.75,70,70,1215,1,1
52759.40000000596,-4.79,-6.43,3.1,-3.5,-1.38,-11.88,0,6.19,-3.47,9,0,2,23.73,-21.12,2.6,-22.42,0.14,0,0,"STOP","STOP",-7782,11890,1.5,-2,0.98,0.75,70,70,1215,1,1
52809.90000000596,-4.94,-4.28,-0.25,-3.5,-1.41,-12.96,0,-0.6,-9.35,9,0,2,24.9,-22.16,2.75,-23.53,0.18,76,76,"BACKWARD","FORWARD",-7754,11865,1.48,-1.98,0.98,0.75,70,70,1215,1,1
52862.90000000596,-4.66,-3.38,-0.51,-3.5,-1.09,-10.45,0,-1.01,-6.68,9,0,2,26.79,-24.36,2.44,-25.57,0.24,78,78,"BACKWARD","FORWARD",-7724,11836,1.48,-1.98,0.98,0.75,70,70,1215,1,1
52907.29999998212,-5.46,-5.62,2.09,-3.5,-1.96,-17.6,0,4.18,-9.35,9,0,2,27.93,-26.86,1.07,-27.39,0.18,73,0,"BACKWARD","STOP",-7694,11805,1.47,-1.97,0.98,0.75,70,70,1215,1,1
52958.09999999404,-3.32,2.79,-6.19,-3.5,0.53,1.66,0,-12.39,-3.82,9,0,2,27.82,-27.57,0.25,-27.7,0.23,76,73,"BACKWARD","FORWARD",-7663,11775,1.47,-1.97,0.98,0.75,70,70,1215,1,1
53009.40000000596,-5.15,-6.88,-25.12,-3.5,-1.77,-14.87,0,-50.25,-62.8,9,0,2,30.52,-27.61,2.91,-29.06,0.21,87,87,"BACKWARD","FORWARD",-7627,11748,1.45,-1.95,0.98,0.75,70,70,1215,1,1
53060.29999998212,-6.86,-7.93,-6.26,-3.5,-3.42,-30.22,0,-13.18,-37.22,9,0,2,34.9,-27.63,7.28,-31.26,0.28,92,96,"BACKWARD","FORWARD",-7579,11716,1.45,-1.95,0.98,0.75,70,70,1215,1,1
53110.90000000596,-6.82,-5.77,4.88,-3.5,-3.26,-29.9,0,9.77,-11.9,9,0,2,42.67,-31.59,11.08,-37.13,0.39,79,92,"BACKWARD","FORWARD",-7522,11675,1.44,-1.94,0.98,0.75,70,70,1215,1,1
53161.29999998212,-7.07,-9.13,4.25,-3.5,-3.64,-32.1,0,8.5,-18.77,9,0,2,49.7,-37.52,12.18,-43.61,0.51,86,102,"BACKWARD","FORWARD",-7461,11625,1.44,-1.94,0.98,0.75,70,70,1215,1,1
53219.59999999404,-7.05,-7.07,13.86,-3.5,-3.53,-31.93,0,27.09,4.63,9,0,2,52.34,-43.06,9.28,-47.7,0.29,0,0,"STOP","STOP",-7402,11570,1.42,-1.92,0.98,0.75,70,70,1215,1,1
53262.69999998808,-7.87,-8.29,14.08,-3.5,-4.37,-39.36,0,28.16,-4.26,9,0,2,53.53,-46.38,7.15,-49.95,0.31,0,0,"STOP","STOP",-7348,11523,1.42,-1.92,0.98,0.75,70,70,1215,1,1
53314.59999999404,-5.92,-2.07,6.7,-3.5,-2.19,-21.82,0,13.4,1.59,9,0,2,51.87,-43.23,8.64,-47.55,0.29,0,0,"STOP","STOP",-7298,11484,1.41,-1.91,0.98,0.75,70,70,1215,1,1
53364.19999998808,-5.81,-7.3,1.22,-3.5,-2.39,-20.75,0,2.44,-12.79,9,0,2,50.08,-40.16,9.92,-45.12,0.28,0,73,"STOP","FORWARD",-7253,11455,1.41,-1.91,0.98,0.75,70,70,1215,1,1
53415.40000000596,-6.58,-2.37,-7.02,-3.5,-2.84,-27.73,0,-14.04,-32.07,9,0,2,45.85,-33.18,12.67,-39.52,0.3,85,91,"BACKWARD","FORWARD",-7211,11428,1.39,-1.89,0.98,0.75,70,70,1215,1,1
53469.40000000596,-4.61,-5.73,4.82,-3.5,-1.18,-10.18,0,9.64,3.61,9,0,2,45.29,-30.97,14.32,-38.13,0.26,0,76,"STOP","BACKWARD",-7166,11405,1.39,-1.89,0.98,0.75,70,70,1215,1,1
53524.90000000596,-6.72,-6.44,-16.02,-3.5,-3.22,-28.96,0,-32.04,-56.31,9,0,2,43.37,-24.11,19.26,-33.74,0.24,87,94,"BACKWARD","FORWARD",-7125,11392,1.38,-1.88,0.98,0.75,70,70,1215,1,1
53569.59999999404,-3.7,-1.1,-4.17,-3.5,-0.08,-1.8,0,-8.34,-2.83,9,0,2,42.62,-21.97,20.64,-32.29,0.28,80,85,"FORWARD","FORWARD",-7081,11367,1.38,-1.88,0.98,0.75,70,70,1215,1,1
53620,-5.61,-6.96,-9.24,-3.5,-2.25,-19.02,0,-17.47,-34.43,9,0,2,41.77,-23.06,18.71,-32.41,0.22,76,81,"BACKWARD","FORWARD",-7044,11346,1.36,-1.86,0.98,0.75,70,70,1215,1,1
53670.90000000596,-8.1,-4.4,-26.61,-3.5,-4.42,-40.89,0,-53.23,-87.91,9,0,2,39.28,-22.13,17.15,-30.71,0.26,110,118,"BACKWARD","FORWARD",-7003,11319,1.36,-1.86,0.98,0.75,70,70,1215,1,1
53723.09999999404,-5.08,-8.46,-1.85,-3.5,-1.73,-14.2,0,-3.7,-14.69,9,0,2,41.35,-25.13,16.22,-33.24,0.21,0,73,"STOP","FORWARD",-6958,11289,1.35,-1.85,0.98,0.75,70,70,1215,1,1
53771,-8.47,-10.8,-12.27,-3.5,-5.12,-44.72,0,-24.54,-65.51,9,0,2,41.4,-27.33,14.07,-34.36,0.28,96,102,"BACKWARD","FORWARD",-6915,11255,1.35,-1.85,0.98,0.75,70,70,1215,1,1
53823.5,-6.09,-0.18,1.72,-3.5,-2.34,-23.29,0,3.44,-6.55,9,0,2,43.01,-31.41,11.61,-37.21,0.36,77,89,"BACKWARD","FORWARD",-6865,11211,1.33,-1.83,0.98,0.75,70,70,1215,1,1
53872.19999998808,-6.06,-6.3,2.39,-3.5,-2.55,-23.06,0,4.79,-15.38,9,0,2,46.35,-36.23,10.12,-41.29,0.26,0,73,"STOP","FORWARD",-6814,11173,1.33,-1.83,0.98,0.75,70,70,1215,1,1
53920.90000000596,-5.74,-6.09,-25.22,-3.5,-2.24,-20.16,0,-50.43,-64.16,9,0,2,46.77,-34.77,12,-40.77,0.32,96,100,"BACKWARD","FORWARD",-6764,11137,1.32,-1.82,0.98,0.75,70,70,1215,1,1
53971.29999998212,-5.44,-3.92,-13.83,-3.5,-1.88,-17.47,0,-27.65,-38.31,9,0,2,48.61,-35.88,12.73,-42.24,0.41,96,106,"BACKWARD","FORWARD",-6707,11094,1.32,-1.82,0.98,0.75,70,70,1215,1,1
54023.40000000596,-4.9,-3.49,-7.98,-3.5,-1.34,-12.62,0,-15.96,-20.02,9,0,2,52.87,-40.88,11.98,-46.88,0.53,88,102,"BACKWARD","FORWARD",-6643,11039,1.3,-1.8,0.98,0.75,70,70,1215,1,1
54077.79999998212,-4.96,-5.39,9.13,-3.5,-1.47,-13.11,0,18.25,15.47,9,0,2,58.59,-47.44,11.14,-53.01,0.36,0,75,"STOP","BACKWARD",-6574,10977,1.3,-1.8,0.98,0.75,70,70,1215,1,1
54124.90000000596,-5.67,-7.66,25.9,-3.5,-2.17,-19.5,0,51.8,41.04,9,0,2,59.64,-50.98,8.66,-55.31,0.44,90,94,"FORWARD","BACKWARD",-6523,10934,1.29,-1.79,0.98,0.75,70,70,1215,1,1
54178.40000000596,-5.55,-6.26,40.81,-3.5,-2,-18.46,0,81.63,71.96,9,0,2,50.8,-42.84,7.96,-46.82,0.41,120,125,"FORWARD","BACKWARD",-6504,10921,1.29,-1.79,0.98,0.75,70,70,1215,1,1
54227.19999998808,-5.28,-6.9,39.06,-3.5,-1.76,-15.99,0,78.12,66.57,9,0,2,32.85,-25.31,7.54,-29.08,0.28,132,138,"FORWARD","BACKWARD",-6515,10939,1.27,-1.77,0.98,0.75,70,70,1215,1,1
54273.40000000596,-5.28,-6.11,27.06,-3.5,-1.76,-16.05,0,54.88,38.76,9,0,2,11.81,-4.12,7.69,-7.97,0.1,112,119,"FORWARD","BACKWARD",-6549,10981,1.27,-1.77,0.98,0.75,70,70,1215,1,1
54322.79999998212,-5.91,-7.03,21.2,-3.5,-2.41,-21.73,0,42.39,18.71,9,0,2,-8.72,16.09,-7.38,12.41,-0.09,103,88,"FORWARD","BACKWARD",-6596,11036,1.29,-1.79,0.98,0.75,70,70,1215,1,1
54374.5,-5.82,-6.16,7.45,-3.5,-2.33,-20.88,0,14.9,-11.34,9,0,2,-25.77,32.97,-7.19,29.37,-0.21,75,0,"BACKWARD","STOP",-6652,11096,1.29,-1.79,0.98,0.75,70,70,1215,1,1
54427.40000000596,-5.96,-6.87,5.44,-3.5,-2.45,-22.11,0,10.88,-15.72,9,0,2,-35.61,41.9,-6.29,38.76,-0.33,85,78,"BACKWARD","FORWARD",-6689,11141,1.3,-1.8,0.98,0.75,70,70,1215,1,1
54475.69999998808,-5.73,-5.74,3.25,-3.5,-2.24,-20.05,0,6.5,-19.44,9,0,2,-32.03,38.97,-6.93,35.5,-0.33,95,84,"BACKWARD","FORWARD",-6699,11162,1.3,-1.8,0.98,0.75,70,70,1215,1,1
54526.19999998808,-5.63,-5.83,4.17,-3.5,-2.13,-19.16,0,8.35,-14.65,9,0,2,-19.62,28.12,-8.51,23.87,-0.26,98,81,"BACKWARD","FORWARD",-6688,11160,1.32,-1.82,0.98,0.75,70,70,1215,1,1
54576.79999998212,-5.37,-5.6,0.47,-3.5,-1.88,-16.83,0,0.94,-17.9,9,0,2,-5.84,14.11,-8.26,9.98,-0.14,102,86,"BACKWARD","FORWARD",-6665,11147,1.32,-1.82,0.98,0.75,70,70,1215,1,1
54627.59999999404,-5.08,-4.49,-4.5,-3.5,-1.56,-14.22,0,-9,-23.18,9,0,2,7.56,2.14,5.41,-2.71,-0.02,98,103,"BACKWARD","FORWARD",-6629,11123,1.32,-1.82,0.98,0.75,70,70,1215,1,1
54678.79999998212,-4.79,-4.25,-11.71,-3.5,-1.28,-11.65,0,-23.27,-33.24,9,0,2,19.55,-8.99,10.56,-14.27,0.11,104,115,"BACKWARD","FORWARD",-6583,11089,1.32,-1.82,0.98,0.75,70,70,1215,1,1
54733,-4.81,-4.27,-15.51,-3.5,-1.31,-11.75,0,-31.03,-38.71,9,0,2,30.69,-20.4,10.29,-25.55,0.24,109,120,"BACKWARD","FORWARD",-6528,11041,1.3,-1.8,0.98,0.75,70,70,1215,1,1
54782.40000000596,-4.94,-4.91,-13.12,-3.5,-1.47,-12.98,0,-26.25,-33.35,9,0,2,41.33,-32.39,8.94,-36.86,0.42,105,115,"BACKWARD","FORWARD",-6461,10980,1.3,-1.8,0.98,0.75,70,70,1215,1,1
54831.79999998212,-4.75,-4.76,-8.68,-3.5,-1.24,-11.24,0,-17.76,-20.43,9,0,2,51.66,-44.32,7.34,-47.99,0.6,94,102,"BACKWARD","FORWARD",-6386,10908,1.29,-1.79,0.98,0.75,70,70,1215,1,1
54882.29999998212,-4.62,-3.67,-2.43,-3.5,-1.06,-10.12,0,-4.81,-5.22,9,0,2,60.63,-55.04,5.59,-57.83,0.78,75,83,"BACKWARD","FORWARD",-6304,10829,1.29,-1.79,0.98,0.75,70,70,1215,1,1
54935.69999998808,-4.01,-3.25,-5.16,-3.5,-0.48,-4.55,0,-10.17,-3.78,9,0,2,68.38,-64.23,4.14,-66.3,0.96,75,80,"BACKWARD","FORWARD",-6219,10746,1.27,-1.77,0.98,0.75,70,70,1215,1,1
54987.19999998808,-3.91,-3.94,-4.22,-3.5,-0.44,-3.69,0,-8.62,-0.9,9,0,2,74.21,-70.93,3.28,-72.57,0.44,0,0,"STOP","STOP",-6133,10662,1.27,-1.77,0.98,0.75,70,70,1215,1,1
55034.29999998212,2.2,-3.39,24.63,-3.5,5.43,51.31,0,49.26,110.19,9,0,2,77.32,-74.17,3.15,-75.74,0.54,103,103,"FORWARD","BACKWARD",-6068,10594,1.26,-1.76,0.98,0.75,70,70,1215,1,1
55086.59999999404,-3.29,-7.48,16.84,-3.5,0.02,1.93,0,33.67,44.18,9,0,2,69.3,-69.78,-0.48,-69.54,0.55,102,100,"FORWARD","BACKWARD",-6041,10558,1.26,-1.76,0.98,0.75,70,70,1215,1,1
55134.29999998212,-6.85,-4.15,3.81,-3.5,-3.25,-30.11,0,7.63,-13.01,9,0,2,50.27,-54.12,-3.84,-52.2,0.32,75,73,"BACKWARD","FORWARD",-6038,10546,1.27,-1.77,0.98,0.75,70,70,1215,1,1
55186.59999999404,-2.52,2.62,3.84,-3.5,1.27,8.83,0,7.69,25.87,9,0,2,30.56,-36.03,-5.47,-33.29,0.2,77,75,"FORWARD","BACKWARD",-6035,10540,1.27,-1.77,0.98,0.75,70,70,1215,1,1
55235.90000000596,-2.59,-4.38,-5.45,-3.5,0.81,7.85,0,-10.91,-1.08,9,0,2,19.13,-23.99,-4.86,-21.56,0.13,0,0,"STOP","STOP",-6045,10545,1.29,-1.79,0.98,0.75,70,70,1215,1,1
55296.19999998808,-2.18,-1.53,-4.94,-3.5,1.34,11.89,0,-9.88,3.7,9,0,2,6.73,-11.63,-4.89,-9.18,0.05,0,0,"STOP","STOP",-6057,10549,1.29,-1.79,0.98,0.75,70,70,1215,1,1
55337.5,-1.87,-1.67,-3.54,-3.5,1.64,14.69,0,-7.07,8.47,9,0,2,0.09,-5.79,-5.7,-2.94,0.01,80,0,"FORWARD","STOP",-6069,10550,1.29,-1.79,0.98,0.75,70,70,1215,1,1
55389.19999998808,-3.16,-7.41,-8.59,-3.5,0.08,3.09,0,-17.18,-17.82,9,0,2,-5.48,-3.08,2.4,1.2,-0.01,0,0,"STOP","STOP",-6090,10554,1.29,-1.79,0.98,0.75,70,70,1215,1,1
55436.09999999404,-1.94,0.39,0.68,-3.5,1.66,14.06,0,1.37,17.27,9,0,2,-11.58,-0.27,11.32,5.66,-0.03,0,73,"STOP","BACKWARD",-6101,10551,1.29,-1.79,0.98,0.75,70,70,1215,1,1
55489.5,-2.13,-2.49,4.08,-3.5,1.35,12.32,0,8.16,19.49,9,0,2,-10.5,-1.35,9.16,4.58,-0.04,79,84,"FORWARD","BACKWARD",-6110,10554,1.29,-1.79,0.98,0.75,70,70,1215,1,1
55539.59999999404,-3.22,-8.1,-10.18,-3.5,0.01,2.51,0,-19.2,-22.73,9,0,2,-10.25,0.38,9.88,5.32,-0.06,84,93,"BACKWARD","FORWARD",-6127,10567,1.29,-1.79,0.98,0.75,70,70,1215,1,1
55590.5,-2.45,-0.51,-2.32,-3.5,1.14,9.43,0,-4.65,6.58,9,0,2,-12.87,6.15,6.72,9.51,-0.06,0,0,"STOP","STOP",-6131,10571,1.29,-1.79,0.98,0.75,70,70,1215,1,1
55646,-1.66,-2.58,10.81,-3.5,1.82,16.54,0,21.61,36.63,9,0,2,-8.51,4.09,4.42,6.3,-0.04,86,88,"FORWARD","BACKWARD",-6135,10575,1.29,-1.79,0.98,0.75,70,70,1215,1,1
55689.40000000596,-5.01,-3.08,-7.03,-3.5,-1.36,-13.56,0,-14.07,-27,9,0,2,-7.08,4.82,2.26,5.95,-0.06,93,93,"BACKWARD","FORWARD",-6149,10589,1.29,-1.79,0.98,0.75,70,70,1215,1,1
55738.79999998212,-1.58,1.89,8.75,-3.5,2.06,17.24,0,17.51,39.57,9,0,2,-9.78,8.42,1.36,9.1,-0.05,79,79,"FORWARD","BACKWARD",-6148,10588,1.27,-1.77,0.98,0.75,70,70,1215,1,1
55790.69999998808,-0.85,-1.13,20.32,-3.5,2.68,23.86,0,40.64,64.05,9,0,2,-4.68,4.26,0.42,4.47,-0.03,104,103,"FORWARD","BACKWARD",-6151,10593,1.27,-1.77,0.98,0.75,70,70,1215,1,1
55839.90000000596,-3.07,0.58,-0.58,-3.5,0.65,3.84,0,-1.82,4.69,9,0,2,-4.39,4.53,-0.14,4.46,-0.03,0,0,"STOP","STOP",-6158,10604,1.27,-1.77,0.98,0.75,70,70,1215,1,1
55891.59999999404,0.13,1.25,17.66,-3.5,3.74,32.68,0,35.32,68.66,9,0,2,-5.4,7.07,-1.67,6.23,-0.04,98,96,"FORWARD","BACKWARD",-6161,10606,1.27,-1.77,0.98,0.75,70,70,1215,1,1
55941.90000000596,-2.59,-12.31,5.91,-3.5,0.4,6.5,0,11.81,4.29,9,0,2,-4.82,5.03,-0.21,9.47,-0.09,83,81,"FORWARD","BACKWARD",-6178,10621,1.27,-1.77,0.98,0.75,70,70,1215,1,1
55994,-0.04,1.01,11.33,-3.5,3.51,31.16,0,22.67,53.83,9,0,2,-13.67,12.71,0.95,13.19,-0.1,87,87,"FORWARD","BACKWARD",-6199,10640,1.27,-1.77,0.98,0.75,70,70,1215,1,1
56043.59999999404,-0.17,2.02,15.38,-3.5,3.5,29.99,0,30.76,60.41,9,0,2,-19.26,17.11,2.15,18.19,-0.17,106,106,"FORWARD","BACKWARD",-6227,10664,1.27,-1.77,0.98,0.75,70,70,1215,1,1
56098.79999998212,-0.46,3.03,10.91,-3.5,3.23,28.05,0,21.81,47.93,9,0,2,-26.17,23.3,2.87,24.74,-0.27,112,113,"FORWARD","BACKWARD",-6265,10698,1.26,-1.76,0.98,0.75,70,70,1215,1,1
56146.5,0.19,0.95,11.24,-3.5,3.75,33.24,0,22.02,51.98,9,0,2,-34.27,31.36,2.91,32.82,-0.39,125,126,"FORWARD","BACKWARD",-6313,10743,1.26,-1.76,0.98,0.75,70,70,1215,1,1
56196.19999998808,0.49,0.43,10.09,-3.5,3.99,35.95,0,20.18,49.82,9,0,2,-43.08,40.15,2.93,41.62,-0.52,123,125,"FORWARD","BACKWARD",-6371,10798,1.24,-1.74,0.98,0.75,70,70,1215,1,1
56247.40000000596,0.46,-1.5,11.32,-3.5,3.91,35.61,0,22.64,49.64,9,0,2,-51.92,48.98,2.94,50.45,-0.68,124,125,"FORWARD","BACKWARD",-6438,10862,1.24,-1.74,0.98,0.75,70,70,1215,1,1
56298.19999998808,1.33,2.83,14.66,-3.5,4.93,43.83,0,29.32,63.76,9,0,2,-61.18,58.62,2.56,59.9,-0.85,135,135,"FORWARD","BACKWARD",-6518,10940,1.23,-1.73,0.98,0.75,70,70,1215,1,1
56349.19999998808,1.75,3.07,16.31,-3.5,5.32,47.24,0,32.62,69.11,9,0,2,-69.89,67.57,2.32,68.73,-1.03,139,139,"FORWARD","BACKWARD",-6605,11025,1.23,-1.73,0.98,0.75,70,70,1215,1,1
56400.59999999404,2.04,0.7,18.59,-3.5,5.58,49.82,0,37.19,76,9,0,2,-79.86,78.07,1.79,78.97,-1.24,144,144,"FORWARD","BACKWARD",-6703,11122,1.21,-1.71,0.98,0.75,70,70,1215,1,1
56454.09999999404,2.98,4.01,25.54,-3.5,6.66,58.35,0,51.08,96.12,9,0,2,-89.4,87.53,1.86,88.47,-1.47,158,158,"FORWARD","BACKWARD",-6813,11230,1.21,-1.71,0.98,0.75,70,70,1215,1,1
56505.29999998212,4.04,2.79,28.7,-3.5,7.49,67.84,0,57.4,107.57,9,0,2,-100.26,98.35,1.91,99.3,-1.71,167,167,"FORWARD","BACKWARD",-6934,11348,1.2,-1.7,0.98,0.75,70,70,1215,1,1
56551.19999998808,5.15,7.24,34.72,-3.5,8.79,77.81,0,69.44,130.79,9,0,2,-113.49,109.97,3.52,111.73,-1.99,180,182,"FORWARD","BACKWARD",-7069,11478,1.2,-1.7,0.98,0.75,70,70,1215,1,1
56602.40000000596,8.6,17.68,32.17,-3.5,12.5,108.92,0,64.33,155.07,9,0,2,-125.77,122.08,3.69,123.93,-2.29,196,198,"FORWARD","BACKWARD",-7223,11627,1.18,-1.68,0.98,0.75,70,70,1215,1,1
56653.29999998212,16.16,20.72,-26.22,-3.5,19.97,176.9,0,-49.81,97.4,9,0,2,-140.25,136.46,3.79,138.36,-2.62,162,164,"FORWARD","BACKWARD",-7390,11791,1.18,-1.68,0.98,0.75,70,70,1215,1,1
56704.40000000596,17.31,15.42,-87.63,-3.5,20.53,187.32,0,-175.26,-16.59,9,0,2,-153.68,151.01,2.67,152.35,-0.96,0,0,"STOP","STOP",-7569,11968,1.17,-1.67,0.98,0.75,70,70,1215,1,1
56755,10.5,9.27,-60.51,-3.5,13.81,126.04,0,-121.01,-19.66,9,0,2,-155.81,153.03,2.79,154.42,-1.2,81,82,"BACKWARD","FORWARD",-7723,12119,1.17,-1.67,0.98,0.75,70,70,1215,1,1
56809.19999998808,8.59,8.24,-14.14,-3.5,12.05,108.77,0,-30.16,59.63,9,0,2,-142.08,138.83,3.25,140.45,-0.96,86,86,"FORWARD","BACKWARD",-7841,12234,1.15,-1.65,0.98,0.75,70,70,1215,1,1
56863,3.56,10.46,-46.71,-3.5,7.35,63.58,0,-91.73,-49.07,9,0,2,-131.08,127.15,3.93,129.11,-1.06,99,100,"BACKWARD","FORWARD",-7956,12343,1.15,-1.65,0.98,0.75,70,70,1215,1,1
56911.09999999404,13.74,14.15,-30.34,-3.5,16.98,155.12,0,-62.77,76.47,9,0,2,-111.83,108.29,3.54,110.06,-1.06,129,130,"FORWARD","BACKWARD",-8035,12419,1.14,-1.64,0.98,0.75,70,70,1215,1,1
56981.59999999404,-0.25,-13.82,-70.12,-3.5,2.31,29.27,0,-139.1,-135.25,9,0,2,-96.73,93.81,2.92,95.27,-1.07,182,183,"BACKWARD","FORWARD",-8107,12491,1.14,-1.64,0.98,0.75,70,70,1215,1,1
57018,6.36,5.78,15.06,-3.5,9.73,88.74,0,30.12,115.1,9,0,2,-68.31,67.74,0.56,68.03,-0.41,84,84,"FORWARD","BACKWARD",-8119,12505,1.14,-1.64,0.98,0.75,70,70,1215,1,1
57069,-6.13,-11.6,-5.52,-3.5,-2.79,-23.68,0,-11.04,-46.87,9,0,2,-42.17,43.41,-1.24,42.79,-0.27,93,92,"BACKWARD","FORWARD",-8122,12515,1.14,-1.64,0.98,0.75,70,70,1215,1,1
57108,-2.35,3.37,-2.85,-3.5,1.38,10.38,0,-5.7,6.92,9,0,2,-22.93,27.63,-4.7,25.28,-0.15,0,0,"STOP","STOP",-8112,12514,1.15,-1.65,0.98,0.75,70,70,1215,1,1
57157.40000000596,-1.68,-2.69,-8.92,-3.5,1.77,16.4,0,-17.84,-5.35,9,0,2,-10.6,15,-4.4,12.8,-0.08,0,0,"STOP","STOP",-8109,12513,1.15,-1.65,0.98,0.75,70,70,1215,1,1
57209.5,-5.33,-5.91,-9.06,-3.5,-1.87,-16.5,0,-18.11,-34.04,9,0,2,-6.36,9.39,-3.03,7.88,-0.04,88,85,"BACKWARD","FORWARD",-8105,12511,1.17,-1.67,0.98,0.75,70,70,1215,1,1
57258.19999998808,-3.37,0.66,-1.58,-3.5,0.38,1.19,0,-3.17,-1.98,9,0,2,1.72,1.69,0.03,-0.02,0,0,0,"STOP","STOP",-8089,12500,1.17,-1.67,0.98,0.75,70,70,1215,1,1
57308.40000000596,-0.53,-0.85,-19.64,-3.5,2.93,26.71,0,-39.27,-10.31,9,0,2,7.35,-2.94,4.41,-5.14,0.05,76,78,"BACKWARD","FORWARD",-8073,12489,1.17,-1.67,0.98,0.75,70,70,1215,1,1
57361.40000000596,-0.8,-0.43,-6.57,-3.5,2.7,24.34,0,-13.14,13.1,9,0,2,11.52,-7.69,3.83,-9.61,0.1,81,84,"FORWARD","BACKWARD",-8056,12473,1.17,-1.67,0.98,0.75,70,70,1215,1,1
57410.40000000596,-0.51,-0.21,-12.11,-3.5,2.98,26.92,0,-23.88,3.39,9,0,2,9.28,-7.38,1.9,-8.33,0.09,76,77,"FORWARD","BACKWARD",-8056,12473,1.15,-1.65,0.98,0.75,70,70,1215,1,1
57470.90000000596,-0.95,-0.19,-15.04,-3.5,2.56,22.92,0,-30.08,-7.24,9,0,2,3.2,-1.27,1.93,-2.23,0.01,0,0,"STOP","STOP",-8062,12481,1.15,-1.65,0.98,0.75,70,70,1215,1,1
57511.09999999404,-1.94,-2.56,-7.02,-3.5,1.51,13.88,0,-14.04,0.46,9,0,2,1.52,-0.37,1.16,-0.94,0.01,0,0,"STOP","STOP",-8058,12478,1.15,-1.65,0.98,0.75,70,70,1215,1,1
57562.40000000596,-2.4,-3.07,0.15,-3.5,1.06,9.91,0,0.3,10.6,9,0,2,2.5,-1.4,1.09,-1.95,0.01,76,76,"FORWARD","BACKWARD",-8058,12478,1.15,-1.65,0.98,0.75,70,70,1215,1,1
57619.90000000596,-3.62,-4.11,14.91,-3.5,-0.12,-1.04,0,29.81,29.12,9,0,2,-1.27,1.92,-0.65,1.6,-0.03,94,91,"FORWARD","BACKWARD",-8070,12489,1.15,-1.65,0.98,0.75,70,70,1215,1,1
57664.29999998212,-3.38,-5.05,18.66,-3.5,0.06,1.09,0,37,36.9,9,0,2,-7.48,7.87,-0.39,7.67,-0.1,109,106,"FORWARD","BACKWARD",-8092,12511,1.15,-1.65,0.98,0.75,70,70,1215,1,1
57715.09999999404,-4.28,-5.46,28.55,-3.5,-0.79,-7,0,56.85,47.58,9,0,2,-16.34,16.18,0.16,16.26,-0.21,123,121,"FORWARD","BACKWARD",-8130,12547,1.15,-1.65,0.98,0.75,70,70,1215,1,1
57767.5,-4.55,-6.71,32.45,-3.5,-1.1,-9.66,0,64.9,51.02,9,0,2,-27.98,26.69,1.28,27.34,-0.35,125,125,"FORWARD","BACKWARD",-8182,12597,1.15,-1.65,0.98,0.75,70,70,1215,1,1
57815.90000000596,-5.18,-6.2,31.58,-3.5,-1.67,-15.13,0,63.15,40.99,9,0,2,-40.88,39.33,1.56,40.1,-0.53,117,117,"FORWARD","BACKWARD",-8249,12662,1.14,-1.64,0.98,0.75,70,70,1215,1,1
57865.40000000596,-5.45,-6.68,26.64,-3.5,-1.98,-17.52,0,53.28,26.75,9,0,2,-53.77,51.64,2.12,52.7,-0.72,104,104,"FORWARD","BACKWARD",-8327,12737,1.14,-1.64,0.98,0.75,70,70,1215,1,1
57915.09999999404,-5.97,-7.02,25.27,-3.5,-2.49,-22.27,0,50.54,17.03,9,0,2,-65.05,62.59,2.46,63.82,-0.91,94,95,"FORWARD","BACKWARD",-8413,12821,1.12,-1.62,0.98,0.75,70,70,1215,1,1
57966.40000000596,-5.99,-6.63,17.1,-3.5,-2.49,-22.38,0,34.19,-0.78,9,0,2,-74.19,71.93,2.26,73.06,-0.44,0,0,"STOP","STOP",-8506,12911,1.12,-1.62,0.98,0.75,70,70,1215,1,1
58017.69999998808,-5.83,-5.76,6.11,-3.5,-2.32,-20.93,0,12.22,-22.1,9,0,2,-80.46,78.32,2.15,79.39,-0.6,81,81,"BACKWARD","FORWARD",-8592,12994,1.11,-1.61,0.98,0.75,70,70,1215,1,1
58068,-5.35,-6.82,-2.29,-3.5,-1.88,-16.62,0,-4.59,-33.29,9,0,2,-75.54,73.46,2.08,74.5,-0.65,95,96,"BACKWARD","FORWARD",-8646,13048,1.11,-1.61,0.98,0.75,70,70,1215,1,1
58120,-5.54,-4.64,-12.84,-3.5,-2.02,-18.39,0,-25.69,-54.03,9,0,2,-60.34,58.69,1.64,59.51,-0.59,120,120,"BACKWARD","FORWARD",-8668,13070,1.09,-1.59,0.98,0.75,70,70,1215,1,1
58176.5,-5.54,-4.8,-25.33,-3.5,-2.05,-18.34,0,-50.66,-75.47,9,0,2,-37.78,37.19,0.59,37.49,-0.44,145,143,"BACKWARD","FORWARD",-8657,13059,1.09,-1.59,0.98,0.75,70,70,1215,1,1
58232.19999998808,-5.1,-4.15,-25.66,-3.5,-1.59,-14.38,0,-51.32,-66.92,9,0,2,-12.79,13.23,-0.44,13.01,-0.23,139,137,"BACKWARD","FORWARD",-8616,13022,1.09,-1.59,0.98,0.75,70,70,1215,1,1
58280.59999999404,-4.9,-4.94,-14.12,-3.5,-1.41,-12.72,0,-28.25,-37.7,9,0,2,12.47,-10.63,1.84,-11.55,0,115,115,"BACKWARD","FORWARD",-8554,12965,1.09,-1.59,0.98,0.75,70,70,1215,1,1
58325.5,-3.99,-3.24,-6.54,-3.5,-0.49,-4.4,0,-13.09,-12.4,9,0,2,33.95,-30.87,3.08,-32.41,0.23,88,90,"BACKWARD","FORWARD",-8480,12897,1.08,-1.58,0.98,0.75,70,70,1215,1,1
58371.79999998212,-3.1,-2.32,-4.64,-3.5,0.42,3.62,0,-9.27,1.75,9,0,2,50.79,-46.18,4.61,-48.48,0.33,0,0,"STOP","STOP",-8403,12826,1.08,-1.58,0.98,0.75,70,70,1215,1,1
58422.59999999404,-2.83,-2.64,-7.98,-3.5,0.66,6.03,0,-15.96,-1.13,9,0,2,60.1,-54.97,5.14,-57.54,0.35,0,0,"STOP","STOP",-8331,12761,1.06,-1.56,0.98,0.75,70,70,1215,1,1
58473.29999998212,-3.14,-3.9,-5.73,-3.5,0.31,3.25,0,-11.46,0.98,9,0,2,62.14,-56.68,5.45,-59.41,0.36,0,0,"STOP","STOP",-8269,12705,1.06,-1.56,0.98,0.75,70,70,1215,1,1
58522.79999998212,-3.03,-2.84,-1.87,-3.5,0.47,4.26,0,-3.75,9.62,9,0,2,60.99,-54.95,6.04,-57.97,0.41,74,76,"FORWARD","BACKWARD",-8213,12658,1.05,-1.55,0.98,0.75,70,70,1215,1,1
58573.40000000596,-2.85,-2.75,-1.55,-3.5,0.61,5.84,0,-3.1,9.98,9,0,2,55.95,-47.98,7.97,-51.97,0.42,77,84,"FORWARD","BACKWARD",-8179,12635,1.05,-1.55,0.98,0.75,70,70,1215,1,1
58625.5,-2.95,-3.3,3.23,-3.5,0.53,4.97,0,6.45,17.48,9,0,2,43.05,-33.92,9.13,-38.49,0.35,86,96,"FORWARD","BACKWARD",-8169,12635,1.03,-1.53,0.98,0.75,70,70,1215,1,1
58675.09999999404,-5.07,-5.1,-1.51,-3.5,-1.58,-14.1,0,-3.01,-12.27,9,0,2,25.83,-18.38,7.45,-22.11,0.13,73,75,"BACKWARD","FORWARD",-8176,12644,1.03,-1.53,0.98,0.75,70,70,1215,1,1
58725.40000000596,-3.2,-2.63,3.46,-3.5,0.3,2.73,0,6.91,11.31,9,0,2,13.13,-8.26,4.87,-10.7,0.06,74,75,"FORWARD","BACKWARD",-8179,12645,1.02,-1.52,0.98,0.75,70,70,1215,1,1
58776.69999998808,-3.07,-5.7,0.81,-3.5,0.29,3.36,0,1.61,3.6,9,0,2,7.09,-3.77,3.31,-5.43,0.02,74,76,"FORWARD","BACKWARD",-8184,12657,1.02,-1.52,0.98,0.75,70,70,1215,1,1
58827.69999998808,-2.91,-2.25,-2.12,-3.5,0.61,5.29,0,-4.25,1.58,9,0,2,1.49,3.27,-1.78,0.89,-0.01,0,0,"STOP","STOP",-8187,12672,1.02,-1.52,0.98,0.75,70,70,1215,1,1
58879,-2.68,-3.22,1.4,-3.5,0.8,7.42,0,2.8,9.42,9,0,2,1.29,7.1,-5.81,2.9,-0.02,78,73,"FORWARD","BACKWARD",-8187,12681,1.02,-1.52,0.98,0.75,70,70,1215,1,1
58929.40000000596,-2.76,-2.8,2.32,-3.5,0.74,6.64,0,4.64,10.68,9,0,2,-0.02,7.42,-7.4,3.72,-0.04,85,75,"FORWARD","BACKWARD",-8195,12689,1.02,-1.52,0.98,0.75,70,70,1215,1,1
58981.5,-3.39,-2.71,-0.83,-3.5,0.16,0.99,0,-1.65,-0.23,9,0,2,-4.36,7.61,-3.26,5.98,-0.04,0,0,"STOP","STOP",-8201,12693,1.02,-1.52,0.98,0.75,70,70,1215,1,1
59033.29999998212,-2.81,-2.8,6.26,-3.5,0.7,6.23,0,12.54,18.1,9,0,2,-3.01,4.96,-1.95,3.99,-0.03,81,78,"FORWARD","BACKWARD",-8201,12693,1.02,-1.52,0.98,0.75,70,70,1215,1,1
59084.90000000596,-4.3,-7.87,-3.58,-3.5,-0.93,-7.17,0,-7.17,-18.16,9,0,2,-2.99,3.77,-0.78,3.38,-0.02,0,0,"STOP","STOP",-8212,12702,1.02,-1.52,0.98,0.75,70,70,1215,1,1
59134.90000000596,-3.5,-2.26,-4.96,-3.5,0.07,0.02,0,-10.22,-9.78,9,0,2,-6.14,6.21,-0.07,6.18,-0.04,78,76,"BACKWARD","FORWARD",-8214,12704,1.02,-1.52,0.98,0.75,70,70,1215,1,1
59186.79999998212,-1.71,-2.31,6,-3.5,1.77,16.13,0,11.99,27.21,9,0,2,-3.29,3.33,-0.04,3.31,-0.02,78,78,"FORWARD","BACKWARD",-8209,12698,1.02,-1.52,0.98,0.75,70,70,1215,1,1
59239.5,-3.43,-3.48,-0.64,-3.5,0.06,0.62,0,-1.06,-1.04,9,0,2,-0.79,0.42,0.37,0.6,0,0,0,"STOP","STOP",-8215,12705,1.02,-1.52,0.98,0.75,70,70,1215,1,1
59289.5,-3.7,-2.72,-2.79,-3.5,-0.15,-1.68,0,-5.58,-7.09,9,0,2,-3.24,3.41,-0.17,3.33,-0.03,76,74,"BACKWARD","FORWARD",-8219,12710,1.02,-1.52,0.98,0.75,70,70,1215,1,1
59336.19999998808,-3.27,-3.86,-0.63,-3.5,0.2,2.11,0,-1.26,-0.06,9,0,2,-2.34,2.84,-0.5,2.59,-0.02,0,0,"STOP","STOP",-8213,12706,1.02,-1.52,0.98,0.75,70,70,1215,1,1
59392.40000000596,-3.36,-3.47,-0.67,-3.5,0.13,1.22,0,-1.35,-0.2,9,0,2,0.57,0.52,0.06,-0.03,0,0,0,"STOP","STOP",-8214,12706,1.02,-1.52,0.98,0.75,70,70,1215,1,1
59437.69999998808,-3.53,-3.81,-0.85,-3.5,-0.05,-0.29,0,-1.7,-2.18,9,0,2,-0.05,0.31,-0.26,0.18,0,0,0,"STOP","STOP",-8214,12706,1.02,-1.52,0.98,0.75,70,70,1215,1,1
59489.5,-3.58,-3.57,-1.05,-3.5,-0.08,-0.68,0,-2.1,-2.93,9,0,2,-0.03,0.19,-0.16,0.11,0,74,0,"BACKWARD","STOP",-8214,12706,1.02,-1.52,0.98,0.75,70,70,1215,1,1
59538.5,-3.67,-3.73,-1.11,-3.5,-0.18,-1.52,0,-2.22,-3.88,9,0,2,-0.02,0.11,-0.09,0.07,0,77,74,"BACKWARD","FORWARD",-8210,12706,1.02,-1.52,0.98,0.75,70,70,1215,1,1
59589.69999998808,-3.06,-4.93,4.1,-3.5,0.35,3.97,0,8.45,10.98,9,0,2,1.96,0.07,1.9,-0.95,0.01,74,74,"FORWARD","BACKWARD",-8200,12706,1.02,-1.52,0.98,0.75,70,70,1215,1,1
59640.59999999404,-3.83,-4.29,0.17,-3.5,-0.34,-2.93,0,0.33,-2.72,9,0,2,5.13,0.04,5.09,-2.54,0.01,0,0,"STOP","STOP",-8199,12713,1.02,-1.52,0.98,0.75,70,70,1215,1,1
59690.69999998808,-3.8,-2.84,-1.57,-3.5,-0.26,-2.73,0,-3.14,-5.22,9,0,2,3.08,3.18,-0.11,0.05,0,75,73,"BACKWARD","FORWARD",-8198,12714,1.02,-1.52,0.98,0.75,70,70,1215,1,1
59746.09999999404,-3.27,1.07,1.75,-3.5,0.49,2.85,0,3.51,9.53,9,0,2,2.24,1.91,0.33,-0.17,0,0,0,"STOP","STOP",-8189,12710,1.02,-1.52,0.98,0.75,70,70,1215,1,1
59794.59999999404,-3.75,-4.23,1.69,-3.5,-0.28,-2.24,0,3.38,0.62,9,0,2,4.9,-0.43,4.47,-2.67,0.01,0,0,"STOP","STOP",-8187,12716,1.02,-1.52,0.98,0.75,70,70,1215,1,1
59842.09999999404,-4.05,-3.46,-2.64,-3.5,-0.54,-4.98,0,-5.27,-9.52,9,0,2,3.73,2.11,1.62,-0.81,0,76,75,"BACKWARD","FORWARD",-8185,12722,1.02,-1.52,0.98,0.75,70,70,1215,1,1
59893.40000000596,-3.23,-4.51,4.39,-3.5,0.24,2.46,0,8.77,10.22,9,0,2,3,1.79,1.22,-0.61,0,75,75,"FORWARD","BACKWARD",-8182,12720,1.02,-1.52,0.98,0.75,70,70,1215,1,1
59944.29999998212,-4,-3.89,0.3,-3.5,-0.48,-4.52,0,0.6,-4.22,9,0,2,-1.36,2.65,-1.29,2.01,-0.01,0,0,"STOP","STOP",-8190,12725,1.02,-1.52,0.98,0.75,70,70,1215,1,1
59995.5,-3.07,-2.94,3.74,-3.5,0.44,3.84,0,7.48,11.2,9,0,2,-2.4,1.99,0.41,2.19,-0.02,75,75,"FORWARD","BACKWARD",-8194,12726,1.02,-1.52,0.98,0.75,70,70,1215,1,1
60045.59999999404,-4.09,-2.01,-3.55,-3.5,-0.48,-5.29,0,-7.23,-11.89,9,0,2,-3.81,2.77,1.04,3.29,-0.02,74,74,"BACKWARD","FORWARD",-8200,12730,1.02,-1.52,0.98,0.75,70,70,1215,1,1
60096.19999998808,-2.65,-2.4,3.34,-3.5,0.87,7.64,0,6.68,14.51,9,0,2,-2.28,0.48,1.81,1.38,-0.01,75,75,"FORWARD","BACKWARD",-8200,12728,1.02,-1.52,0.98,0.75,70,70,1215,1,1
60149.29999998212,-2.69,-4.76,3.63,-3.5,0.72,7.25,0,7.26,12.14,9,0,2,-3.35,3.45,-0.1,3.4,-0.03,82,80,"FORWARD","BACKWARD",-8205,12736,1.02,-1.52,0.98,0.75,70,70,1215,1,1
60197.59999999404,-3.7,-1.26,-5.64,-3.5,-0.07,-1.78,0,-11.56,-12.48,9,0,2,-4.77,6.02,-1.25,5.4,-0.04,77,75,"BACKWARD","FORWARD",-8212,12746,1.02,-1.52,0.98,0.75,70,70,1215,1,1
60248.5,-2.06,-1.81,3.71,-3.5,1.46,12.97,0,7.43,20.5,9,0,2,-0.89,2.82,-1.93,1.85,-0.01,78,77,"FORWARD","BACKWARD",-8207,12743,1.02,-1.52,0.98,0.75,70,70,1215,1,1
60320.29999998212,-2.48,-2.82,4.53,-3.5,1.04,9.15,0,9.08,17.5,9,0,2,-2.51,3.67,-1.16,3.09,-0.03,87,85,"FORWARD","BACKWARD",-8214,12749,1.02,-1.52,0.98,0.75,70,70,1215,1,1
60355.5,-4.29,-0.38,-13.73,-3.5,-0.6,-7.15,0,-27.12,-34.23,9,0,2,-7.04,7.73,-0.7,7.38,-0.07,104,102,"BACKWARD","FORWARD",-8227,12763,1.02,-1.52,0.98,0.75,70,70,1215,1,1
60402.90000000596,-0.31,4.03,5.15,-3.5,3.44,28.7,0,10.3,43.33,9,0,2,-3.43,4.24,-0.81,3.84,-0.02,76,76,"FORWARD","BACKWARD",-8222,12760,1.02,-1.52,0.98,0.75,70,70,1215,1,1
60450.69999998808,-1.94,-2.73,9.41,-3.5,1.57,14.08,0,18.82,31.63,9,0,2,-2.06,2.15,-0.09,2.11,-0.01,88,87,"FORWARD","BACKWARD",-8226,12761,1.02,-1.52,0.98,0.75,70,70,1215,1,1
60504.09999999404,-3.44,-1.89,-2.6,-3.5,0.15,0.81,0,-5.2,-4.39,9,0,2,-4.4,4.06,0.34,4.23,-0.03,73,0,"BACKWARD","STOP",-8233,12768,1.02,-1.52,0.98,0.75,70,70,1215,1,1
60551.79999998212,-2.32,-1.77,3.7,-3.5,1.2,10.66,0,7.4,18.09,9,0,2,-3.43,3.22,0.2,3.33,-0.02,75,75,"FORWARD","BACKWARD",-8234,12769,1.02,-1.52,0.98,0.75,70,70,1215,1,1
60603.19999998808,-3.83,-4.2,-4.61,-3.5,-0.37,-2.98,0,-9.23,-12.97,9,0,2,-4.03,3.51,0.52,3.77,-0.03,73,0,"BACKWARD","STOP",-8240,12774,1.02,-1.52,0.98,0.75,70,70,1215,1,1
60653.5,-1.96,-2.19,3.58,-3.5,1.53,13.86,0,7.15,20.94,9,0,2,-2.81,2.5,0.31,2.66,-0.02,78,77,"FORWARD","BACKWARD",-8241,12774,1.02,-1.52,0.98,0.75,70,70,1215,1,1
60705,-3.32,-2.5,-2.86,-3.5,0.21,1.64,0,-5.72,-4.4,9,0,2,-4.45,2.29,2.16,3.37,-0.02,0,0,"STOP","STOP",-8248,12777,1.02,-1.52,0.98,0.75,70,70,1215,1,1
60755.79999998212,-2.28,-2.62,4.13,-3.5,1.21,10.96,0,8.25,17.71,9,0,2,-4.25,1.77,2.48,3.01,-0.02,75,76,"FORWARD","BACKWARD",-8252,12777,1.02,-1.52,0.98,0.75,70,70,1215,1,1
60807.29999998212,-2.39,-1.08,1.27,-3.5,1.17,10.02,0,2.54,13.79,9,0,2,-3.34,2.64,0.7,2.99,-0.02,73,0,"FORWARD","STOP",-8253,12781,1.02,-1.52,0.98,0.75,70,70,1215,1,1
60857.79999998212,-3.23,-4.09,-0.46,-3.5,0.22,2.23,0,-0.92,0.32,9,0,2,-2.4,1.98,0.42,2.19,-0.01,0,0,"STOP","STOP",-8256,12782,1.02,-1.52,0.98,0.75,70,70,1215,1,1
60910.40000000596,-2.69,-3.18,1.22,-3.5,0.79,7.23,0,2.44,9.1,9,0,2,-3.42,1.19,2.23,2.3,-0.02,75,75,"FORWARD","BACKWARD",-8261,12783,1.02,-1.52,0.98,0.75,70,70,1215,1,1
60958.69999998808,-2.67,-1.19,-1.87,-3.5,0.88,7.43,0,-3.73,4.51,9,0,2,-4.81,2.29,2.52,3.55,-0.02,0,0,"STOP","STOP",-8268,12787,1.02,-1.52,0.98,0.75,70,70,1215,1,1
61009.29999998212,-3.04,-4.56,-0.94,-3.5,0.4,4.11,0,-1.88,0.15,9,0,2,-4.86,2.56,2.3,3.71,-0.03,0,0,"STOP","STOP",-8273,12791,1.02,-1.52,0.98,0.75,70,70,1215,1,1
61060.40000000596,-2.26,-3.19,2.46,-3.5,1.19,11.17,0,4.91,14.59,9,0,2,-4.89,3.12,1.78,4.01,-0.03,77,77,"FORWARD","BACKWARD",-8277,12795,1.02,-1.52,0.98,0.75,70,70,1215,1,1
61112.5,-2.23,-1.18,1.54,-3.5,1.32,11.4,0,3.08,15.67,9,0,2,-5.31,4.24,1.07,4.77,-0.03,74,74,"FORWARD","BACKWARD",-8283,12799,1.02,-1.52,0.98,0.75,70,70,1215,1,1
61160.40000000596,-3.81,-3.43,-2.87,-3.5,-0.28,-2.75,0,-5.75,-9.49,9,0,2,-4.76,4.52,0.24,4.64,-0.03,0,0,"STOP","STOP",-8288,12806,1.02,-1.52,0.98,0.75,70,70,1215,1,1
61211.5,-1.98,-1.39,5.37,-3.5,1.56,13.66,0,10.36,24.44,9,0,2,-4.83,5.08,-0.25,4.96,-0.03,79,78,"FORWARD","BACKWARD",-8292,12811,1.02,-1.52,0.98,0.75,70,70,1215,1,1
61261.5,-4.66,-6.33,-1.8,-3.5,-1.17,-10.73,0,-3.61,-16.85,9,0,2,-5.27,5.42,-0.15,5.35,-0.05,84,82,"BACKWARD","FORWARD",-8301,12819,1.02,-1.52,0.98,0.75,70,70,1215,1,1
61312.40000000596,-2.08,-1.09,4.63,-3.5,1.47,12.81,0,9.26,22.94,9,0,2,-5.93,4.44,1.49,5.18,-0.03,77,77,"FORWARD","BACKWARD",-8303,12819,1.02,-1.52,0.98,0.75,70,70,1215,1,1
61365.79999998212,-0.95,-0.88,16.78,-3.5,2.58,22.95,0,33.37,56.93,9,0,2,-3.95,3.85,0.1,3.9,-0.03,103,102,"FORWARD","BACKWARD",-8308,12828,1.02,-1.52,0.98,0.75,70,70,1215,1,1
61414.79999998212,-4.35,-4.48,-2.06,-3.5,-0.81,-7.62,0,-4.11,-12.75,9,0,2,-7.11,9.02,-1.91,8.07,-0.06,73,0,"BACKWARD","STOP",-8325,12846,1.03,-1.53,0.98,0.75,70,70,1215,1,1
61465,-0.52,0.9,12.1,-3.5,3.15,26.83,0,23.41,52.23,9,0,2,-9.8,11.74,-1.94,10.77,-0.08,86,85,"FORWARD","BACKWARD",-8336,12861,1.03,-1.53,0.98,0.75,70,70,1215,1,1
61516.59999999404,-0.9,-2.16,10.61,-3.5,2.55,23.42,0,21.22,40.29,9,0,2,-11.41,14.15,-2.74,12.78,-0.12,98,95,"FORWARD","BACKWARD",-8352,12884,1.05,-1.55,0.98,0.75,70,70,1215,1,1
61568.19999998808,-0.36,-0.78,5.64,-3.5,3.14,28.24,0,11.28,36.5,9,0,2,-14.75,19.16,-4.41,16.95,-0.19,108,101,"FORWARD","BACKWARD",-8376,12913,1.05,-1.55,0.98,0.75,70,70,1215,1,1
61615.5,-1.11,-1.49,0.68,-3.5,2.39,21.51,0,1.35,19.5,9,0,2,-19.91,24.53,-4.62,22.22,-0.27,101,91,"FORWARD","BACKWARD",-8408,12951,1.06,-1.56,0.98,0.75,70,70,1215,1,1
61665.19999998808,-1.38,-1.49,-0.9,-3.5,2.12,19.09,0,-1.79,13.5,9,0,2,-25.77,31.31,-5.54,28.54,-0.37,96,83,"FORWARD","BACKWARD",-8446,12994,1.06,-1.56,0.98,0.75,70,70,1215,1,1
61720.09999999404,-1.54,-1.09,0.16,-3.5,1.99,17.66,0,0.41,11.7,9,0,2,-32.85,36.96,-4.11,34.9,-0.48,93,83,"FORWARD","BACKWARD",-8494,13043,1.08,-1.58,0.98,0.75,70,70,1215,1,1
61766.59999999404,-1.32,-0.09,0.57,-3.5,2.25,19.59,0,1.14,15.35,9,0,2,-39.46,41.93,-2.47,40.7,-0.6,95,88,"FORWARD","BACKWARD",-8547,13096,1.08,-1.58,0.98,0.75,70,70,1215,1,1
61817.69999998808,-0.87,0.54,0.29,-3.5,2.74,23.69,0,0.33,17.02,9,0,2,-45.8,47.28,-1.48,46.54,-0.72,97,91,"FORWARD","BACKWARD",-8606,13155,1.09,-1.59,0.98,0.75,70,70,1215,1,1
61867.69999998808,-1.23,0.23,-1.9,-3.5,2.35,20.44,0,-3.99,8.95,9,0,2,-51.18,52.07,-0.89,51.63,-0.85,86,81,"FORWARD","BACKWARD",-8670,13218,1.09,-1.59,0.98,0.75,70,70,1215,1,1
61920.69999998808,-1.01,-2.52,1.82,-3.5,2.49,22.37,0,3.64,16.44,9,0,2,-57.18,57.32,-0.14,57.25,-0.99,95,92,"FORWARD","BACKWARD",-8743,13291,1.09,-1.59,0.98,0.75,70,70,1215,1,1
61970.90000000596,-0.69,-2.27,4.08,-3.5,2.72,25.28,0,8.27,21.92,9,0,2,-61.96,61.65,0.31,61.81,-1.12,101,99,"FORWARD","BACKWARD",-8815,13362,1.09,-1.59,0.98,0.75,70,70,1215,1,1
62022.29999998212,-0.45,-0.15,5.77,-3.5,3.05,27.44,0,11.54,27.92,9,0,2,-66.41,66.22,0.19,66.32,-1.27,106,104,"FORWARD","BACKWARD",-8892,13438,1.09,-1.59,0.98,0.75,70,70,1215,1,1
62072.69999998808,0.57,0.5,4.23,-3.5,4.08,36.59,0,8.64,32.87,9,0,2,-71.85,70.94,0.9,71.4,-1.42,110,109,"FORWARD","BACKWARD",-8977,13521,1.09,-1.59,0.98,0.75,70,70,1215,1,1
62122.09999999404,1.18,2.98,-4.4,-3.5,4.68,42.13,0,-8.8,20.35,9,0,2,-76.69,75.36,1.33,76.02,-1.57,98,97,"FORWARD","BACKWARD",-9064,13608,1.08,-1.58,0.98,0.75,70,70,1215,1,1
62172.19999998808,1.21,1.29,-9.9,-3.5,4.69,42.38,0,-19.79,8.88,9,0,2,-79.99,79.98,0.01,79.98,-1.74,86,83,"FORWARD","BACKWARD",-9152,13698,1.08,-1.58,0.98,0.75,70,70,1215,1,1
62224.09999999404,0.67,1.29,-7.9,-3.5,4.21,37.5,0,-15.81,11.85,9,0,2,-82.76,83.54,-0.78,83.15,-0.54,73,0,"FORWARD","STOP",-9239,13789,1.08,-1.58,0.98,0.75,70,70,1215,1,1
62274.40000000596,-0.42,-2,-6.83,-3.5,3.01,27.7,0,-13.98,0.53,9,0,2,-82.05,84.1,-2.05,83.08,-0.5,0,0,"STOP","STOP",-9322,13873,1.08,-1.58,0.98,0.75,70,70,1215,1,1
62325.29999998212,0.54,1.74,-2.05,-3.5,4.04,36.4,0,-4.1,19.45,9,0,2,-81.23,82.86,-1.63,82.04,-0.55,76,75,"FORWARD","BACKWARD",-9400,13952,1.09,-1.59,0.98,0.75,70,70,1215,1,1
62375.40000000596,0.29,-0.4,-5.21,-3.5,3.71,33.99,0,-10.42,8.93,9,0,2,-78.37,80.13,-1.77,79.25,-0.66,81,77,"FORWARD","BACKWARD",-9474,14030,1.09,-1.59,0.98,0.75,70,70,1215,1,1
62426.79999998212,0.47,0.69,-6.77,-3.5,3.97,35.71,0,-13.53,10.68,9,0,2,-76.26,78.5,-2.24,77.38,-0.5,73,0,"FORWARD","STOP",-9548,14106,1.11,-1.61,0.98,0.75,70,70,1215,1,1
62477.90000000596,0.07,1.52,-8.87,-3.5,3.64,32.29,0,-17.73,2.84,9,0,2,-73.41,75.15,-1.74,74.28,-0.58,75,0,"FORWARD","STOP",-9617,14174,1.11,-1.61,0.98,0.75,70,70,1215,1,1
62527.59999999404,-0.22,1.58,-14.15,-3.5,3.28,29.48,0,-28.3,-9.99,9,0,2,-71.3,71.16,0.14,71.23,-0.49,74,74,"BACKWARD","FORWARD",-9682,14235,1.11,-1.61,0.98,0.75,70,70,1215,1,1
62578.19999998808,1.53,0.97,0.09,-3.5,4.99,45.24,0,0.18,36.18,9,0,2,-65.3,64.03,1.27,64.67,-0.44,82,82,"FORWARD","BACKWARD",-9727,14279,1.11,-1.61,0.98,0.75,70,70,1215,1,1
62633.59999999404,-1.13,0.14,-11.64,-3.5,2.41,21.36,0,-23.29,-10,9,0,2,-56.96,56.59,0.37,56.77,-0.37,74,73,"BACKWARD","FORWARD",-9771,14328,1.11,-1.61,0.98,0.75,70,70,1215,1,1
62678.40000000596,-1.1,-0.84,-7.27,-3.5,2.41,21.62,0,-14.54,-0.15,9,0,2,-49.98,52.13,-2.15,51.05,-0.31,0,0,"STOP","STOP",-9796,14360,1.11,-1.61,0.98,0.75,70,70,1215,1,1
62728.79999998212,-0.25,1.94,5.32,-3.5,3.25,29.25,0,10.64,33.76,9,0,2,-36.7,41.55,-4.85,39.13,-0.26,83,80,"FORWARD","BACKWARD",-9808,14383,1.12,-1.62,0.98,0.75,70,70,1215,1,1
62779.09999999404,-4.14,-8.98,-9.1,-3.5,-0.94,-5.8,0,-18.2,-32.06,9,0,2,-27.95,34.41,-6.46,31.18,-0.2,75,74,"BACKWARD","FORWARD",-9826,14412,1.12,-1.62,0.98,0.75,70,70,1215,1,1
62830,-1.36,-0.83,-0.02,-3.5,2.15,19.3,0,-0.04,19.15,9,0,2,-23.09,31.71,-8.62,27.4,-0.17,73,0,"FORWARD","STOP",-9830,14428,1.14,-1.64,0.98,0.75,70,70,1215,1,1